Player,Cluster
Precious Achiuwa,4
Bam Adebayo,5
Ochai Agbaji,0
Santi Aldama,6
Nickeil Alexander-Walker,8
Trey Alexander,9
Grayson Allen,8
Jose Alvarado,8
Kyle Anderson,7
Giannis Antetokounmpo,5
Cole Anthony,6
OG Anunoby,5
Deni Avdija,5
Deandre Ayton,4
Marcus Bagley,1
LaMelo Ball,2
Lonzo Ball,3
Mo Bamba,1
Paolo Banchero,5
Desmond Bane,2
Dalano Banton,6
Dominick Barlow,7
Scottie Barnes,5
RJ Barrett,5
Jamison Battle,3
Nicolas Batum,3
Damion Baugh,1
Bradley Beal,2
Malik Beasley,8
MarJon Beauchamp,9
Reece Beekman,7
Goga Bitadze,4
Anthony Black,0
Bogdan Bogdanović,8
Bol Bol,1
Devin Booker,2
Brandon Boston Jr.,6
Chris Boucher,6
Malaki Branham,1
Christian Braun,5
Mikal Bridges,0
Miles Bridges,5
Malcolm Brogdon,5
Dillon Brooks,6
Keion Brooks Jr.,0
Bruce Brown,0
Jaylen Brown,5
Jalen Brunson,5
Thomas Bryant,1
Kobe Bufkin,1
Alec Burks,3
Jared Butler,0
Jimmy Butler,5
Matas Buzelis,0
Jamal Cain,1
Kentavious Caldwell-Pope,8
Toumani Camara,0
Bub Carrington,8
Devin Carter,1
Jevon Carter,3
Wendell Carter Jr.,0
Alex Caruso,1
Stephon Castle,5
Julian Champagnie,8
Max Christie,6
Jaylen Clark,1
Jordan Clarkson,2
Nic Claxton,4
Donovan Clingan,4
Noah Clowney,8
Amir Coffey,6
Isaiah Collier,0
John Collins,5
Zach Collins,7
Mike Conley,8
Pat Connaughton,1
Bilal Coulibaly,0
Ricky Council IV,6
Torrey Craig,3
Cade Cunningham,5
Seth Curry,8
Stephen Curry,2
Pacome Dadiet,9
Dyson Daniels,0
Tristan Da Silva,1
Anthony Davis,5
JD Davison,9
Johnny Davis,7
RayJ Dennis,3
DeMar DeRozan,2
Gradey Dick,6
Ousmane Dieng,9
Rob Dillingham,1
Spencer Dinwiddie,6
Donte DiVincenzo,8
Luka Dončić,2
Luguentz Dort,8
Ayo Dosunmu,0
Jeff Dowtin,1
Andre Drummond,4
Alex Ducas,9
Kris Dunn,1
Ryan Dunn,1
Kevin Durant,2
Tari Eason,0
Zach Edey,4
Anthony Edwards,2
Justin Edwards,6
Kessler Edwards,7
Keon Ellis,8
Joel Embiid,5
Tosan Evbuomwan,0
Dante Exum,0
Kyle Filipowski,0
Dorian Finney-Smith,8
Adam Flagler,3
Simone Fontecchio,8
De'Aaron Fox,5
Markelle Fultz,7
Darius Garland,2
Keyonte George,2
Kyshawn George,8
Paul George,2
Taj Gibson,4
Josh Giddey,5
Shai Gilgeous-Alexander,5
Anthony Gill,7
Collin Gillespie,8
Jordan Goodwin,1
Aaron Gordon,5
Eric Gordon,8
Jazian Gortman,9
Jerami Grant,2
A.J. Green,3
Draymond Green,6
Javonte Green,1
Jalen Green,2
Jeff Green,8
Josh Green,1
Quentin Grimes,6
Mouhamed Gueye,1
Rui Hachimura,0
Tyrese Haliburton,2
Tim Hardaway Jr.,8
James Harden,2
Jaden Hardy,6
Gary Harris,3
Tobias Harris,0
Josh Hart,0
Sam Hauser,3
Jordan Hawkins,8
Killian Hayes,6
Scoot Henderson,6
Tyler Herro,2
Buddy Hield,8
Haywood Highsmith,1
Aaron Holiday,3
Jrue Holiday,6
Ron Holland,0
Chet Holmgren,5
Jalen Hood-Schifino,6
Al Horford,8
Talen Horton-Tucker,0
Caleb Houstan,3
Jett Howard,3
Kevin Huerter,8
Jay Huff,8
De'Andre Hunter,2
Bones Hyland,3
Brandon Ingram,2
Kyrie Irving,2
Jonathan Isaac,1
Jaden Ivey,5
Andre Jackson Jr.,7
GG Jackson II,1
Jaren Jackson Jr.,5
Quenton Jackson,7
Reggie Jackson,9
Bronny James,9
LeBron James,5
Jaime Jaquez Jr.,0
DaQuan Jeffries,1
Ty Jerome,6
Isaiah Joe,3
Cameron Johnson,2
Jalen Johnson,5
Keldon Johnson,0
Keon Johnson,6
Nikola Jokić,5
Colby Jones,1
Derrick Jones Jr.,0
Dillon Jones,1
Herbert Jones,0
Kai Jones,4
Spencer Jones,9
Tre Jones,4
Tyus Jones,8
Cory Joseph,3
Nikola Jović,6
Johnny Juzang,8
Luke Kennard,8
Walker Kessler,4
Corey Kispert,6
Maxi Kleber,9
Bobi Klintman,9
Dalton Knecht,8
Kevin Knox,1
Tyler Kolek,9
Vit Krejci,8
Jonathan Kuminga,5
Kyle Kuzma,0
Jock Landale,7
Jake LaRavia,1
Zach LaVine,2
Damion Lee,9
Alex Len,7
Kawhi Leonard,5
Caris LeVert,6
Maxwell Lewis,1
Damian Lillard,2
Kevon Looney,4
Brook Lopez,6
Kevin Love,8
Kyle Lowry,3
Trey Lyles,8
Terance Mann,1
Tre Mann,0
Lauri Markkanen,2
Naji Marshall,0
Caleb Martin,0
Cody Martin,1
Jaylen Martin,1
Tyrese Martin,8
Garrison Mathews,3
Bennedict Mathurin,5
Karlo Matković,7
Tyrese Maxey,2
Miles McBride,8
Jared McCain,6
CJ McCollum,2
T.J. McConnell,4
Jaden McDaniels,0
Doug McDermott,3
Jordan McLaughlin,9
Sam Merrill,3
Vasilije Micić,8
Khris Middleton,6
Brandon Miller,2
Patty Mills,3
Shake Milton,1
Ajay Mitchell,7
Davion Mitchell,1
Donovan Mitchell,2
Evan Mobley,5
Jonathan Mogbo,7
Malik Monk,2
Moses Moody,6
Wendell Moore Jr.,7
Ja Morant,5
Markieff Morris,3
Monte Morris,1
Trey Murphy III,2
Dejounte Murray,2
Jamal Murray,2
Keegan Murray,6
Svi Mykhailiuk,8
Larry Nance Jr.,1
Andrew Nembhard,6
Aaron Nesmith,6
Georges Niang,8
Zeke Nnaji,7
Jaylen Nowell,1
Jusuf Nurkić,0
Josh Okogie,0
Onyeka Okongwu,4
Isaac Okoro,1
Kelly Olynyk,0
Royce O'Neale,3
Kelly Oubre Jr.,5
Chris Paul,8
Cameron Payne,8
Elfrid Payton,7
Julian Phillips,1
Jalen Pickett,9
Scotty Pippen Jr.,0
Brandin Podziemski,6
Jakob Poeltl,4
Jordan Poole,2
Craig Porter Jr.,7
Kevin Porter Jr.,0
Michael Porter Jr.,2
Bobby Portis,0
Kristaps Porziņģis,2
Quinten Post,8
Micah Potter,9
Norman Powell,2
Taurean Prince,8
Payton Pritchard,8
Olivier-Maxence Prosper,7
Trevelin Queen,1
Immanuel Quickley,2
Lester Quiñones,1
Julius Randle,5
Duop Reath,9
Austin Reaves,2
Cam Reddish,1
Paul Reed,7
Antonio Reeves,1
Jared Rhoden,0
Josh Richardson,9
Zaccharie Risacher,0
Duncan Robinson,8
Jeremiah Robinson-Earl,1
Orlando Robinson,7
Ryan Rollins,1
Terry Rozier,6
D'Angelo Russell,6
Matt Ryan,9
Domantas Sabonis,5
Tidjane Salaün,8
Gui Santos,1
Dario Šarić,1
Alex Sarr,6
Marcus Sasser,8
Baylor Scheierman,3
Dennis Schröder,6
Alperen Şengün,4
Brice Sensabaugh,8
Collin Sexton,5
Landry Shamet,8
Terrence Shannon Jr.,7
Day'Ron Sharpe,4
Shaedon Sharpe,2
Jamal Shead,1
Ben Sheppard,9
Reed Sheppard,3
Pascal Siakam,5
Anfernee Simons,2
KJ Simpson,1
Marcus Smart,6
Jalen Smith,6
Jabari Smith Jr.,6
Nick Smith Jr.,8
Tyler Smith,9
Jeremy Sochan,4
Cam Spencer,8
Pat Spencer,7
Jaden Springer,9
Isaiah Stewart,4
Julian Strawther,6
Jalen Suggs,2
Cole Swider,3
Jayson Tatum,2
Garrett Temple,9
Dalen Terry,7
Daniel Theis,7
Cam Thomas,2
Amen Thompson,4
Ausar Thompson,4
Klay Thompson,8
JT Thor,1
Drew Timme,0
Obi Toppin,6
Karl-Anthony Towns,5
Gary Trent Jr.,8
Myles Turner,2
Hunter Tyson,9
Jaylon Tyson,7
Jonas Valančiūnas,4
Fred VanVleet,8
Devin Vassell,6
Gabe Vincent,3
Nikola Vučević,0
Tristan Vukcevic,6
Dean Wade,3
Franz Wagner,5
Moritz Wagner,5
Jabari Walker,7
Jarace Walker,1
Lonnie Walker IV,8
Cason Wallace,1
Keaton Wallace,9
Ja'Kobe Walter,6
Kel'el Ware,7
P.J. Washington,5
TyTy Washington Jr.,9
Lindy Waters III,3
Trendon Watford,0
Peyton Watson,0
Jaylen Wells,6
Victor Wembanyama,2
Blake Wesley,7
Russell Westbrook,0
Coby White,2
Dariq Whitehead,3
Derrick White,8
Cam Whitmore,6
Aaron Wiggins,0
Andrew Wiggins,2
Brandon Williams,0
Cody Williams,1
Grant Williams,6
Jalen Williams,5
Jaylin Williams,3
Kenrich Williams,1
Patrick Williams,6
Robert Williams,4
Vince Williams Jr.,1
Zion Williamson,4
Ziaire Williams,6
Jalen Wilson,6
Isaiah Wong,1
Delon Wright,9
Guerschon Yabusele,6
Trae Young,2
