Rk,Player,Age,Team,Pos,G,GS,MP,FG,FGA,FG%,3P,3PA,3P%,2P,2PA,2P%,eFG%,FT,FTA,FT%,ORB,DRB,TRB,AST,STL,BLK,TOV,PF,PTS,Awards,Player-additional
1,CJ McCollum,28,POR,SG,70,70,2556,8.6,19.1,.451,2.7,7.2,.379,5.9,11.9,.494,.522,2.0,2.6,.757,0.6,3.5,4.2,4.4,0.8,0.6,1.8,2.6,21.9,,mccolcj01
2,Devin Booker,23,PHO,SG,70,70,2512,9.0,18.4,.489,2.0,5.7,.354,7.0,12.7,.549,.544,6.7,7.3,.919,0.4,3.8,4.3,6.5,0.7,0.3,3.8,3.1,26.7,AS,bookede01
3,James Harden,30,HOU,SG,68,68,2483,9.7,22.0,.444,4.3,12.2,.355,5.4,9.7,.556,.543,10.0,11.6,.865,1.0,5.5,6.5,7.4,1.8,0.9,4.5,3.3,33.9,MVP-3ASNBA1,hardeja01
4,Harrison Barnes,27,SAC,PF,72,72,2482,5.3,11.5,.460,1.5,3.9,.381,3.8,7.6,.501,.525,3.1,3.9,.801,1.1,4.0,5.1,2.3,0.6,0.2,1.3,1.3,15.2,,barneha02
5,Damian Lillard,29,POR,PG,66,66,2474,9.1,19.6,.463,3.9,9.8,.401,5.2,9.8,.524,.563,6.7,7.5,.888,0.5,3.7,4.1,7.7,1.0,0.3,2.8,1.7,28.8,MVP-8ASNBA2,lillada01
6,Tobias Harris,27,PHI,PF,72,72,2469,8.1,17.1,.471,1.9,5.2,.367,6.2,11.9,.517,.527,2.5,3.1,.806,1.0,6.2,7.2,3.3,0.8,0.6,1.5,2.4,20.6,,harrito02
7,P.J. Tucker,34,HOU,PF,72,72,2467,2.6,6.2,.415,1.6,4.4,.358,1.0,1.9,.551,.541,0.6,0.7,.813,1.6,5.3,6.9,1.7,1.1,0.5,1.1,3.3,7.3,,tuckepj01
8,Shai Gilgeous-Alexander,21,OKC,SG,70,70,2428,7.1,15.0,.471,1.3,3.7,.347,5.8,11.3,.512,.514,4.3,5.3,.807,0.7,5.4,6.1,3.4,1.2,0.7,2.0,1.7,19.7,,gilgesh01
9,Bam Adebayo,22,MIA,PF,72,72,2417,6.6,11.8,.557,0.0,0.2,.143,6.5,11.6,.564,.558,3.9,5.7,.691,2.6,8.3,10.9,5.5,1.2,1.4,3.0,2.7,17.1,DPOY-5ASDEF2,adebaba01
10,Donovan Mitchell,23,UTA,SG,69,69,2364,9.2,20.4,.449,2.6,7.2,.366,6.5,13.2,.494,.513,4.2,4.9,.863,0.8,3.8,4.6,4.5,1.1,0.2,2.8,2.6,25.2,AS,mitchdo01
11,Nikola Jokić,24,DEN,C,73,73,2336,8.7,16.5,.528,1.2,3.9,.314,7.5,12.6,.594,.565,3.8,4.6,.817,2.6,8.4,11.0,7.9,1.3,0.7,3.5,3.4,22.4,MVP-9ASNBA2,jokicni01
12,Rudy Gobert,27,UTA,C,68,68,2333,6.0,8.6,.693,0.0,0.0,,6.0,8.6,.693,.693,3.9,6.2,.630,3.5,10.6,14.1,1.6,0.8,2.1,2.0,3.3,15.8,DPOY-3ASNBA3DEF1,goberru01
13,DeMar DeRozan,30,SAS,SF,68,68,2316,8.7,16.3,.531,0.1,0.5,.257,8.5,15.8,.540,.535,5.9,7.0,.845,0.7,5.1,5.8,5.9,1.1,0.3,2.5,2.8,23.4,,derozde01
14,LeBron James,35,LAL,PG,67,67,2316,10.0,20.3,.493,2.3,6.6,.348,7.7,13.6,.564,.550,4.1,5.9,.693,1.0,7.1,8.2,10.6,1.2,0.6,4.1,1.8,26.4,MVP-2ASNBA1,jamesle01
15,Jayson Tatum,21,BOS,PF,66,66,2265,8.8,19.5,.450,3.0,7.5,.403,5.8,12.0,.480,.527,4.0,5.0,.812,1.0,6.3,7.3,3.2,1.5,0.9,2.5,2.2,24.6,MVP-12ASNBA3,tatumja01
16,Buddy Hield,27,SAC,SG,72,44,2216,8.1,18.9,.429,4.4,11.2,.394,3.7,7.7,.479,.545,1.9,2.2,.846,0.9,4.4,5.3,3.5,1.1,0.3,2.7,2.7,22.5,,hieldbu01
17,Devonte' Graham,24,CHO,PG,63,53,2211,6.0,15.7,.382,3.5,9.5,.373,2.4,6.2,.397,.495,3.1,3.8,.820,0.7,2.8,3.5,7.7,1.0,0.2,2.9,1.9,18.6,,grahade01
18,Chris Paul,34,OKC,PG,70,70,2208,7.1,14.5,.489,1.8,5.0,.365,5.3,9.5,.554,.552,4.1,4.5,.907,0.4,5.3,5.7,7.7,1.8,0.2,2.6,2.6,20.1,MVP-7ASNBA2,paulch01
19,T.J. Warren,26,IND,SF,67,67,2202,8.7,16.3,.536,1.5,3.7,.403,7.2,12.6,.575,.581,2.7,3.3,.819,1.1,3.5,4.6,1.6,1.3,0.6,1.4,3.1,21.7,,warretj01
20,Duncan Robinson,25,MIA,SG,73,68,2166,5.4,11.4,.470,4.5,10.1,.446,0.9,1.3,.654,.667,1.1,1.2,.931,0.2,3.7,3.9,1.7,0.6,0.3,1.2,3.2,16.3,,robindu01
21,Terry Rozier,25,CHO,PG,63,63,2164,6.6,15.7,.423,2.9,7.0,.407,3.8,8.6,.436,.514,2.8,3.2,.874,0.8,3.8,4.6,4.3,1.0,0.2,2.3,2.1,18.9,,roziete01
22,Domantas Sabonis,23,IND,PF,62,62,2159,7.6,14.1,.540,0.3,1.1,.254,7.4,13.0,.565,.550,3.6,4.9,.723,3.2,9.7,12.9,5.2,0.8,0.5,2.8,3.3,19.1,AS,sabondo01
23,Collin Sexton,21,CLE,PG,65,65,2143,8.6,18.2,.472,1.6,4.3,.380,7.0,14.0,.501,.517,3.8,4.5,.846,1.0,2.4,3.4,3.2,1.1,0.1,2.7,2.4,22.7,,sextoco01
24,Joe Ingles,32,UTA,PF,72,45,2137,4.1,9.3,.445,2.4,5.9,.399,1.8,3.4,.525,.572,1.2,1.6,.787,0.5,4.2,4.7,6.3,1.1,0.2,2.4,2.6,11.9,,inglejo01
25,Robert Covington,29,2TM,C,70,68,2137,5.1,12.2,.422,2.7,8.1,.335,2.4,4.1,.593,.533,1.7,2.1,.798,1.1,6.7,7.8,1.5,1.9,1.6,1.7,3.7,14.7,,covinro01
25,Robert Covington,29,MIN,PF,48,47,1411,5.5,12.7,.435,2.8,8.0,.346,2.8,4.7,.587,.544,1.9,2.4,.798,0.9,6.4,7.3,1.4,2.0,1.1,1.9,3.8,15.7,,covinro01
25,Robert Covington,29,HOU,C,22,21,726,4.4,11.3,.392,2.6,8.3,.315,1.8,2.9,.610,.509,1.2,1.5,.800,1.3,7.4,8.7,1.6,1.7,2.4,1.5,3.6,12.6,,covinro01
26,Anthony Davis,26,LAL,PF,62,62,2131,9.3,18.5,.503,1.2,3.7,.330,8.1,14.8,.546,.536,7.5,8.9,.846,2.4,7.3,9.7,3.4,1.5,2.4,2.6,2.6,27.3,MVP-6DPOY-2ASNBA1DEF1,davisan02
27,Joe Harris,28,BRK,SF,69,69,2123,6.5,13.3,.486,2.9,6.9,.424,3.5,6.4,.553,.596,1.1,1.5,.719,1.1,4.0,5.1,2.4,0.7,0.3,1.8,2.7,16.9,,harrijo01
28,Dorian Finney-Smith,26,DAL,PF,71,68,2120,4.1,8.9,.466,1.9,5.1,.376,2.2,3.7,.589,.575,1.3,1.8,.722,2.5,4.4,6.9,1.9,0.8,0.7,1.2,3.0,11.5,,finnedo01
29,Trae Young,21,ATL,PG,60,60,2120,9.3,21.2,.437,3.5,9.6,.361,5.8,11.6,.501,.519,8.2,9.5,.860,0.5,3.8,4.3,9.5,1.1,0.1,4.9,1.8,30.2,AS,youngtr01
30,Jrue Holiday,29,NOP,SG,61,61,2117,7.8,17.1,.455,2.1,5.9,.353,5.7,11.2,.509,.516,2.2,3.1,.709,1.3,3.7,5.0,6.9,1.7,0.8,3.1,2.5,19.8,,holidjr01
31,Dillon Brooks,24,MEM,SG,73,73,2112,7.4,18.2,.407,2.5,7.0,.358,4.9,11.2,.438,.476,2.8,3.5,.808,1.2,3.0,4.1,2.6,1.1,0.5,2.1,4.7,20.1,,brookdi01
32,Pascal Siakam,25,TOR,PF,60,60,2110,8.5,18.8,.453,2.2,6.2,.359,6.3,12.6,.499,.512,4.1,5.2,.792,1.1,6.4,7.5,3.5,1.0,0.9,2.5,2.9,23.4,MVP-10ASNBA2,siakapa01
33,Brandon Ingram,22,NOP,PF,62,62,2104,8.7,18.8,.463,2.6,6.6,.391,6.1,12.2,.501,.531,5.4,6.3,.851,0.9,5.6,6.5,4.4,1.0,0.7,3.2,3.1,25.3,MIP-1AS,ingrabr01
34,Kyle Lowry,33,TOR,PG,58,58,2098,5.7,13.8,.416,2.8,8.0,.352,2.9,5.8,.504,.518,5.0,5.9,.857,0.5,4.5,5.0,7.4,1.4,0.4,3.1,3.3,19.3,AS,lowryky01
35,Tim Hardaway Jr.,27,DAL,SG,71,58,2091,6.6,15.2,.434,3.5,8.8,.398,3.1,6.4,.485,.550,2.6,3.1,.819,0.4,3.6,4.0,2.4,0.7,0.1,1.2,2.2,19.3,,hardati02
36,Zach LaVine,24,CHI,SF,60,60,2085,9.3,20.7,.450,3.2,8.4,.380,6.1,12.3,.497,.526,4.6,5.8,.802,0.7,4.3,5.0,4.4,1.5,0.5,3.6,2.3,26.4,,lavinza01
37,Bojan Bogdanović,30,UTA,SF,63,63,2083,7.2,16.2,.447,3.3,7.9,.414,4.0,8.3,.479,.548,4.3,4.8,.903,0.7,3.8,4.5,2.3,0.6,0.1,2.7,1.9,22.0,,bogdabo02
38,Julius Randle,25,NYK,PF,64,64,2080,8.0,17.4,.460,1.1,4.0,.277,6.9,13.4,.515,.492,4.5,6.1,.733,2.6,8.2,10.8,3.4,0.9,0.4,3.3,3.1,21.6,,randlju01
39,Evan Fournier,27,ORL,SF,66,66,2076,7.5,16.1,.467,3.0,7.5,.399,4.5,8.6,.527,.560,3.1,3.8,.818,0.3,2.7,3.0,3.6,1.2,0.3,2.2,2.8,21.2,,fournev01
40,Ja Morant,20,MEM,PG,67,67,2074,7.8,16.3,.477,1.0,3.1,.335,6.7,13.2,.511,.509,4.1,5.3,.776,0.9,3.6,4.5,8.5,1.0,0.3,3.8,1.9,20.7,ROY-1,moranja01
41,OG Anunoby,22,TOR,SF,69,68,2066,5.0,9.9,.505,1.6,4.0,.390,3.4,5.9,.583,.584,1.3,1.8,.706,1.4,4.9,6.3,1.9,1.7,0.8,1.4,2.9,12.8,,anunoog01
42,Bradley Beal,26,WAS,SG,57,57,2053,10.4,22.8,.455,3.0,8.4,.353,7.4,14.4,.515,.520,6.8,8.0,.842,0.9,3.3,4.2,6.1,1.2,0.4,3.4,2.2,30.5,,bealbr01
43,Royce O'Neale,26,UTA,SF,71,62,2049,2.8,6.4,.433,1.6,4.3,.377,1.2,2.1,.545,.559,0.7,1.0,.764,0.5,6.4,6.8,3.2,1.0,0.6,1.1,3.5,7.9,,onealro01
44,Russell Westbrook,31,HOU,PG,57,57,2049,10.6,22.5,.472,1.0,3.7,.258,9.6,18.8,.514,.493,5.1,6.7,.763,1.8,6.2,7.9,7.0,1.6,0.4,4.5,3.5,27.3,ASNBA3,westbru01
45,Luka Dončić,20,DAL,PG,61,61,2047,10.2,22.1,.463,3.0,9.5,.316,7.2,12.6,.574,.531,7.5,9.9,.758,1.4,8.7,10.1,9.5,1.1,0.2,4.6,2.7,30.9,MVP-4ASNBA1,doncilu01
46,Mikal Bridges,23,PHO,SF,73,32,2042,4.4,8.5,.510,1.2,3.4,.361,3.1,5.1,.610,.583,1.8,2.2,.844,1.2,4.0,5.1,2.3,1.8,0.8,1.3,2.9,11.8,,bridgmi01
47,Al Horford,33,PHI,C,67,61,2025,5.7,12.6,.450,1.8,5.0,.350,3.9,7.6,.516,.520,1.1,1.4,.763,1.8,6.3,8.1,4.8,0.9,1.1,1.4,2.5,14.2,,horfoal01
48,Lonzo Ball,22,NOP,PG,63,54,2025,4.9,12.2,.403,2.6,7.0,.375,2.3,5.2,.442,.511,0.8,1.4,.566,1.3,5.5,6.8,7.8,1.6,0.7,3.4,2.3,13.2,,balllo01
49,De'Andre Hunter,22,ATL,SF,63,62,2018,5.0,12.2,.410,1.9,5.4,.355,3.1,6.8,.454,.489,2.0,2.6,.764,0.8,4.3,5.1,2.0,0.8,0.3,1.8,3.2,13.9,,huntede01
50,Aaron Gordon,24,ORL,PF,62,62,2017,6.0,13.7,.437,1.3,4.2,.308,4.7,9.5,.494,.484,2.7,4.0,.674,1.9,6.6,8.5,4.1,0.9,0.7,1.8,2.2,16.0,,gordoaa01
51,Ben Simmons,23,PHI,PG,57,57,2017,6.7,11.5,.580,0.0,0.1,.286,6.7,11.4,.583,.581,3.3,5.3,.621,2.0,5.9,7.9,8.1,2.1,0.6,3.6,3.3,16.7,DPOY-4ASNBA3DEF1,simmobe01
52,Ricky Rubio,29,PHO,PG,65,65,2016,5.1,12.4,.415,1.4,3.9,.361,3.7,8.5,.439,.471,3.5,4.0,.863,0.8,4.6,5.4,10.2,1.7,0.2,3.1,3.0,15.1,,rubiori01
53,Nemanja Bjelica,31,SAC,PF,72,67,2011,5.6,11.7,.481,2.4,5.7,.419,3.2,6.0,.541,.583,1.2,1.5,.821,2.0,6.2,8.2,3.6,1.1,0.7,1.8,3.9,14.9,,bjeline01
54,Hassan Whiteside,30,POR,C,67,61,2008,7.8,12.6,.621,0.1,0.1,.571,7.7,12.5,.622,.624,2.9,4.3,.686,4.6,11.6,16.2,1.4,0.5,3.5,2.2,3.5,18.6,DPOY-11,whiteha01
55,Dennis Schröder,26,OKC,PG,65,2,1999,8.2,17.4,.469,2.3,5.9,.385,5.9,11.5,.513,.534,3.6,4.3,.839,0.3,3.9,4.3,4.7,0.8,0.3,3.0,2.6,22.1,6MOY-2,schrode01
56,Nikola Vučević,29,ORL,C,62,62,1998,8.9,18.6,.477,1.8,5.2,.339,7.1,13.4,.531,.525,2.4,3.0,.784,2.5,9.6,12.1,4.0,1.0,0.8,1.6,2.4,21.9,,vucevni01
57,Markelle Fultz,21,ORL,PG,72,60,1996,6.5,13.9,.465,0.6,2.4,.267,5.8,11.5,.507,.488,2.1,2.9,.730,0.7,3.6,4.3,6.7,1.6,0.2,2.7,2.6,15.7,,fultzma01
58,Miles Bridges,21,CHO,SF,65,64,1995,5.8,13.6,.424,1.8,5.4,.330,4.0,8.2,.486,.489,1.9,2.4,.809,1.6,4.9,6.5,2.1,0.7,0.9,1.7,2.4,15.2,,bridgmi02
59,Spencer Dinwiddie,26,BRK,PG,64,49,1994,7.7,18.4,.415,2.2,7.2,.308,5.4,11.2,.485,.476,6.3,8.1,.778,0.6,3.4,4.0,7.8,0.7,0.4,3.1,3.2,23.8,,dinwisp01
60,Kendrick Nunn,24,MIA,PG,67,67,1962,7.4,16.8,.439,2.5,7.2,.350,4.8,9.6,.505,.514,1.6,1.8,.850,0.4,2.9,3.3,4.0,1.0,0.3,2.1,2.8,18.8,ROY-2,nunnke01
61,Jimmy Butler,30,MIA,SF,58,58,1959,6.3,13.9,.455,0.5,2.2,.244,5.8,11.7,.495,.474,8.0,9.6,.834,1.9,5.1,7.1,6.4,1.9,0.6,2.3,1.5,21.3,MVP-11ASNBA3,butleji01
62,Marcus Morris,30,2TM,PF,62,62,1936,6.6,15.1,.438,2.6,6.5,.408,4.0,8.6,.461,.526,3.4,4.1,.823,1.1,4.7,5.8,1.6,0.9,0.6,1.8,3.3,19.2,,morrima03
62,Marcus Morris,30,NYK,SF,43,43,1387,7.3,16.5,.442,3.0,6.9,.439,4.3,9.7,.444,.533,4.2,5.1,.823,1.2,4.8,6.0,1.5,0.9,0.4,1.9,3.3,21.8,,morrima03
62,Marcus Morris,30,LAC,PF,19,19,549,4.9,11.4,.425,1.7,5.5,.310,3.1,5.9,.533,.500,1.2,1.4,.818,0.7,4.4,5.1,1.8,0.9,0.9,1.6,3.4,12.6,,morrima03
63,Jaylen Brown,23,BOS,SG,57,57,1934,7.9,16.5,.481,2.4,6.3,.382,5.5,10.2,.543,.554,3.3,4.5,.724,1.2,5.6,6.8,2.2,1.2,0.4,2.3,3.1,21.6,,brownja02
64,Kelly Oubre Jr.,24,PHO,SF,56,55,1933,6.9,15.4,.452,2.0,5.7,.352,4.9,9.7,.511,.517,3.6,4.6,.780,1.2,5.5,6.7,1.6,1.3,0.7,1.5,3.6,19.5,,oubreke01
65,Fred VanVleet,25,TOR,SG,54,54,1928,6.0,14.4,.413,2.7,7.0,.390,3.2,7.5,.434,.507,3.1,3.7,.848,0.3,3.5,3.8,6.7,1.9,0.3,2.3,2.5,17.8,,vanvlfr01
66,Marcus Smart,25,BOS,SG,60,40,1919,4.8,12.8,.375,2.6,7.4,.347,2.2,5.4,.415,.476,2.4,2.9,.836,0.8,3.4,4.2,5.5,1.9,0.5,1.9,3.0,14.6,DPOY-6DEF1,smartma01
67,Giannis Antetokounmpo,25,MIL,PF,63,63,1917,12.9,23.2,.553,1.7,5.5,.304,11.2,17.7,.631,.589,7.5,11.8,.633,2.6,13.4,16.1,6.6,1.1,1.2,4.3,3.7,34.9,MVP-1DPOY-1ASNBA1DEF1,antetgi01
68,Will Barton,29,DEN,SF,58,58,1916,6.2,13.9,.450,2.0,5.4,.375,4.2,8.5,.498,.523,1.9,2.5,.767,1.4,5.4,6.9,4.0,1.1,0.5,1.7,2.3,16.4,,bartowi01
69,Danuel House Jr.,26,HOU,SF,63,52,1913,4.3,10.1,.427,2.4,6.7,.363,1.9,3.5,.549,.546,1.4,1.7,.811,1.1,4.0,5.0,1.6,1.3,0.6,1.0,2.5,12.5,,houseda01
70,Cedi Osman,24,CLE,SF,65,65,1910,5.0,11.5,.437,2.3,6.1,.383,2.7,5.4,.497,.538,1.2,1.8,.670,0.7,3.6,4.4,2.9,1.0,0.3,1.7,3.0,13.5,,osmande01
71,Jamal Murray,22,DEN,PG,59,59,1904,7.7,16.9,.456,2.1,6.1,.346,5.6,10.8,.519,.519,3.1,3.5,.881,0.9,3.6,4.5,5.4,1.3,0.3,2.4,1.9,20.6,,murraja01
72,Carmelo Anthony,35,POR,PF,58,58,1902,6.4,14.8,.430,1.6,4.3,.385,4.7,10.5,.448,.485,2.6,3.0,.845,1.3,5.6,7.0,1.6,0.9,0.5,1.9,3.2,16.9,,anthoca01
73,Jerami Grant,25,DEN,PF,71,24,1892,5.8,12.1,.478,1.9,4.8,.389,3.9,7.3,.537,.555,2.8,3.7,.750,1.1,3.6,4.7,1.7,1.0,1.1,1.2,2.9,16.2,,grantje01
74,Maxi Kleber,28,DAL,PF,74,21,1890,4.5,9.8,.461,2.3,6.1,.373,2.2,3.7,.605,.577,1.5,1.8,.849,2.1,5.3,7.4,1.7,0.5,1.6,1.1,3.4,12.8,,klebima01
75,Terrence Ross,28,ORL,SG,69,0,1889,6.5,16.1,.403,3.4,9.6,.351,3.1,6.5,.480,.508,3.0,3.5,.853,0.2,4.0,4.2,1.6,1.5,0.5,1.3,2.1,19.4,,rosste01
76,Andre Drummond,26,2TM,C,57,56,1879,8.0,15.0,.533,0.1,0.7,.143,7.9,14.4,.551,.536,3.2,5.6,.575,4.8,11.8,16.6,2.9,2.1,1.8,3.9,3.9,19.4,DPOY-8,drumman01
76,Andre Drummond,26,DET,C,49,48,1654,7.8,14.8,.530,0.0,0.5,.048,7.8,14.3,.546,.531,3.2,5.6,.584,4.9,11.9,16.9,3.0,2.1,1.8,3.8,3.8,18.9,,drumman01
76,Andre Drummond,26,CLE,C,8,8,225,9.3,16.8,.552,0.6,2.2,.286,8.6,14.6,.593,.571,3.2,6.2,.513,3.8,10.4,14.2,2.2,1.9,1.8,4.6,4.0,22.4,,drumman01
77,Tomáš Satoranský,28,CHI,SG,65,64,1878,4.5,10.6,.430,1.2,3.8,.322,3.3,6.7,.491,.488,2.0,2.3,.876,1.5,3.4,4.9,6.8,1.5,0.1,2.5,2.6,12.3,,satorto01
78,Jae Crowder,29,2TM,SF,65,53,1875,4.3,10.8,.401,2.6,7.6,.343,1.7,3.2,.538,.521,1.9,2.4,.776,1.0,6.4,7.4,3.1,1.4,0.5,1.3,2.7,13.1,,crowdja01
78,Jae Crowder,29,MEM,SF,45,45,1322,4.0,10.9,.368,2.1,7.2,.293,1.9,3.6,.519,.466,2.0,2.6,.789,1.1,6.5,7.5,3.4,1.3,0.4,1.5,2.3,12.2,,crowdja01
78,Jae Crowder,29,MIA,PF,20,8,553,5.1,10.7,.482,3.7,8.3,.445,1.4,2.3,.611,.655,1.4,2.0,.733,0.8,6.2,7.0,2.3,1.6,0.7,1.0,3.8,15.4,,crowdja01
79,Lou Williams,33,LAC,PG,65,8,1864,7.6,18.1,.418,2.1,6.1,.352,5.4,12.0,.451,.477,5.6,6.5,.861,0.6,3.3,3.9,7.0,0.8,0.2,3.5,1.5,22.9,6MOY-3,willilo02
80,Andrew Wiggins,24,2TM,SF,54,54,1858,8.5,18.9,.447,2.2,6.5,.332,6.3,12.5,.506,.504,3.7,5.2,.709,1.3,4.0,5.3,3.8,0.9,1.0,2.6,2.5,22.8,,wiggian01
80,Andrew Wiggins,24,MIN,SF,42,42,1455,8.7,19.5,.444,2.3,6.8,.331,6.4,12.7,.505,.502,3.7,5.1,.720,1.2,4.2,5.4,3.8,0.7,0.9,2.6,2.5,23.3,,wiggian01
80,Andrew Wiggins,24,GSW,SF,12,12,403,7.7,16.8,.457,1.8,5.3,.339,5.9,11.5,.512,.511,3.7,5.4,.672,1.6,3.3,4.9,3.8,1.4,1.5,2.2,2.3,20.8,,wiggian01
81,Taurean Prince,25,BRK,PF,64,61,1857,5.4,14.3,.376,2.8,8.4,.339,2.6,6.0,.429,.475,1.4,1.7,.798,1.0,6.4,7.4,2.2,1.1,0.5,2.5,3.1,15.0,,princta02
82,Khris Middleton,28,MIL,SF,62,59,1853,9.2,18.4,.497,2.9,6.9,.415,6.3,11.5,.546,.575,4.0,4.4,.916,0.9,6.6,7.4,5.1,1.0,0.1,2.7,2.8,25.2,AS,middlkh01
83,Jarrett Allen,21,BRK,C,70,64,1852,5.9,9.0,.649,0.0,0.1,.000,5.9,8.9,.658,.649,3.3,5.2,.633,4.2,8.8,13.0,2.1,0.8,1.8,1.5,3.1,15.1,DPOY-12,allenja01
84,Kawhi Leonard,28,LAC,SF,57,57,1848,10.4,22.1,.470,2.4,6.3,.378,8.0,15.7,.506,.524,6.9,7.8,.886,1.1,6.8,7.8,5.5,2.0,0.6,2.9,2.2,30.1,MVP-5DPOY-8ASNBA2DEF2,leonaka01
85,Jonas Valančiūnas,27,MEM,C,70,70,1845,8.4,14.4,.585,0.6,1.8,.352,7.8,12.6,.617,.606,2.9,3.9,.740,4.2,11.2,15.4,2.6,0.6,1.5,2.5,3.6,20.4,,valanjo01
86,Danilo Gallinari,31,OKC,PF,62,62,1834,7.0,16.0,.438,3.5,8.6,.405,3.5,7.4,.476,.547,5.2,5.8,.893,0.7,5.7,6.3,2.3,0.8,0.1,1.5,1.5,22.8,,gallida01
87,Justin Holiday,30,IND,SF,73,6,1826,4.1,9.6,.428,2.6,6.5,.405,1.5,3.1,.477,.566,1.0,1.3,.791,0.6,4.1,4.7,1.8,1.7,0.9,0.9,2.7,11.9,,holidju01
88,Myles Turner,23,IND,C,62,62,1826,5.3,11.6,.457,1.7,4.9,.344,3.6,6.6,.540,.530,2.5,3.3,.751,1.7,6.3,8.0,1.4,0.9,2.6,1.7,3.3,14.8,,turnemy01
89,Darius Garland,20,CLE,SG,59,59,1824,5.5,13.8,.401,2.1,5.8,.355,3.5,8.0,.434,.476,1.2,1.4,.875,0.5,1.7,2.2,4.5,0.8,0.1,3.0,1.8,14.4,,garlada01
90,Brook Lopez,31,MIL,C,68,67,1817,5.8,13.3,.435,2.0,6.4,.314,3.8,6.9,.549,.511,2.5,3.0,.836,1.1,5.0,6.2,2.0,0.9,3.2,1.4,3.2,16.1,DPOY-10DEF2,lopezbr01
91,Kristaps Porziņģis,24,DAL,C,57,57,1814,7.9,18.5,.427,2.8,8.0,.352,5.1,10.5,.484,.503,4.5,5.6,.799,2.0,8.7,10.7,2.0,0.8,2.3,1.8,3.7,23.1,,porzikr01
92,Ish Smith,31,WAS,PG,68,23,1787,6.2,13.9,.447,1.2,3.4,.367,5.0,10.5,.473,.492,1.2,1.7,.721,0.6,3.8,4.4,6.7,1.2,0.6,1.9,2.1,14.9,,smithis01
93,Glenn Robinson III,26,2TM,SF,62,52,1786,5.8,11.9,.486,1.6,4.0,.391,4.3,8.0,.534,.552,1.5,1.7,.860,1.6,3.8,5.4,1.9,1.1,0.3,1.1,2.0,14.7,,robingl02
93,Glenn Robinson III,26,GSW,SF,48,48,1516,5.8,12.0,.481,1.6,4.0,.400,4.2,8.0,.522,.548,1.5,1.8,.851,1.6,3.8,5.4,2.0,1.1,0.3,1.2,1.9,14.7,,robingl02
93,Glenn Robinson III,26,PHI,SF,14,4,270,5.9,11.3,.518,1.2,3.6,.333,4.7,7.7,.603,.571,1.5,1.6,.917,2.0,3.9,5.9,1.5,1.2,0.3,0.7,2.4,14.4,,robingl02
94,Troy Brown Jr.,20,WAS,SF,69,22,1782,5.5,12.6,.439,1.2,3.6,.341,4.3,8.9,.479,.488,2.2,2.8,.784,1.5,6.2,7.7,3.6,1.7,0.1,1.6,2.7,14.5,,browntr01
95,Gary Harris,25,DEN,SG,56,55,1780,4.4,10.5,.420,1.4,4.2,.333,3.0,6.2,.479,.487,1.5,1.9,.815,0.5,2.8,3.3,2.4,1.5,0.3,1.2,2.3,11.8,,harriga01
96,Kevin Love,31,CLE,PF,56,56,1780,6.6,14.7,.450,3.0,7.9,.374,3.7,6.8,.537,.550,3.8,4.4,.854,1.1,10.0,11.1,3.6,0.7,0.4,2.8,1.8,20.0,,loveke01
97,Bogdan Bogdanović,27,SAC,SG,61,28,1766,6.9,15.6,.440,3.3,9.0,.372,3.5,6.6,.532,.547,1.8,2.4,.741,0.5,3.7,4.2,4.2,1.3,0.3,2.1,2.7,18.8,,bogdabo01
98,Kentavious Caldwell-Pope,26,LAL,SG,69,26,1762,4.8,10.4,.467,1.9,4.9,.385,3.0,5.5,.541,.558,1.6,2.1,.775,0.8,2.1,2.9,2.3,1.2,0.3,1.3,2.6,13.2,,caldwke01
99,Kevin Huerter,21,ATL,SG,56,48,1760,5.2,12.5,.413,2.6,6.8,.380,2.6,5.6,.453,.517,1.1,1.3,.828,0.7,3.9,4.7,4.4,1.0,0.6,1.8,2.8,14.0,,huertke01
100,Cory Joseph,28,SAC,PG,72,26,1759,3.5,8.4,.415,1.1,3.3,.352,2.4,5.2,.455,.483,1.2,1.4,.857,0.9,2.9,3.8,5.1,1.1,0.4,1.6,2.7,9.4,,josepco01
101,P.J. Washington,21,CHO,PF,58,57,1759,5.5,12.1,.455,1.8,4.7,.374,3.7,7.3,.507,.528,1.8,2.8,.647,1.2,5.3,6.5,2.5,1.0,0.9,1.9,3.2,14.5,,washipj01
102,Josh Hart,24,NOP,SF,65,16,1755,4.6,10.9,.423,2.5,7.3,.342,2.1,3.7,.584,.537,1.7,2.4,.739,1.3,7.5,8.7,2.2,1.3,0.5,1.5,3.3,13.5,,hartjo01
103,LaMarcus Aldridge,34,SAS,C,53,53,1754,8.0,16.3,.493,1.3,3.2,.389,6.8,13.1,.519,.532,3.2,3.9,.827,2.1,5.9,8.0,2.6,0.7,1.8,1.5,2.6,20.5,,aldrila01
104,Alec Burks,28,2TM,SF,66,19,1754,6.6,15.8,.418,2.4,6.2,.385,4.2,9.6,.439,.493,4.8,5.4,.887,1.0,4.8,5.8,3.9,1.3,0.3,1.9,2.6,20.4,,burksal01
104,Alec Burks,28,GSW,SF,48,18,1390,6.3,15.6,.406,2.2,5.8,.375,4.1,9.8,.424,.476,5.2,5.8,.897,1.0,4.9,5.9,3.9,1.3,0.4,2.0,2.8,20.0,,burksal01
104,Alec Burks,28,PHI,SG,18,1,364,7.6,16.5,.461,3.2,7.6,.416,4.5,8.9,.500,.557,3.4,4.1,.829,1.1,4.5,5.5,3.8,1.2,0.0,1.5,2.1,21.8,,burksal01
105,Montrezl Harrell,26,LAC,C,63,2,1749,9.7,16.7,.580,0.0,0.4,.000,9.7,16.3,.593,.580,4.8,7.2,.658,3.4,5.8,9.2,2.2,0.8,1.5,2.2,3.0,24.1,6MOY-1,harremo01
106,Kemba Walker,29,BOS,PG,56,56,1742,7.8,18.4,.425,3.7,9.8,.381,4.1,8.6,.476,.526,4.3,5.0,.864,0.7,3.7,4.5,5.5,1.0,0.6,2.4,1.9,23.7,AS,walkeke02
107,Gordon Hayward,29,BOS,SF,52,52,1740,7.2,14.5,.500,1.8,4.6,.383,5.5,9.9,.554,.561,2.6,3.0,.855,1.1,6.1,7.2,4.4,0.8,0.5,2.0,2.0,18.8,,haywago01
108,Garrett Temple,33,BRK,SG,62,35,1730,4.6,12.2,.378,2.6,8.0,.329,2.0,4.2,.473,.486,1.5,1.8,.805,0.6,3.9,4.5,3.2,1.0,0.6,1.3,2.2,13.3,,templga01
109,Tristan Thompson,28,CLE,C,57,51,1721,6.0,11.8,.512,0.2,0.5,.391,5.8,11.3,.518,.520,2.1,3.4,.615,4.7,7.3,12.1,2.5,0.7,1.0,2.2,2.6,14.3,,thomptr01
110,Jordan Clarkson,27,2TM,SG,71,2,1705,8.3,18.3,.454,3.2,8.7,.368,5.1,9.6,.533,.542,2.9,3.5,.836,1.1,2.9,3.9,2.9,1.0,0.3,2.0,2.3,22.8,,clarkjo01
110,Jordan Clarkson,27,CLE,SG,29,0,666,7.8,17.6,.442,3.2,8.6,.371,4.6,9.0,.509,.532,4.1,4.6,.884,1.1,2.6,3.7,3.8,0.9,0.4,2.1,1.8,22.9,,clarkjo01
110,Jordan Clarkson,27,UTA,SG,42,2,1039,8.7,18.7,.462,3.2,8.8,.366,5.4,9.9,.547,.548,2.1,2.7,.785,1.0,3.1,4.1,2.3,1.0,0.3,2.0,2.6,22.7,,clarkjo01
111,RJ Barrett,19,NYK,SG,56,55,1704,6.2,15.4,.402,1.3,4.2,.320,4.8,11.2,.432,.445,3.3,5.4,.614,1.1,4.8,5.9,3.0,1.2,0.4,2.6,2.6,17.0,ROY-8,barrerj01
112,Langston Galloway,28,DET,SG,66,6,1702,5.0,11.5,.435,2.8,7.0,.399,2.2,4.5,.493,.557,1.5,1.8,.859,0.7,2.5,3.2,2.1,1.0,0.2,0.8,2.0,14.3,,gallola01
113,Josh Richardson,26,PHI,SG,55,53,1693,5.9,13.7,.430,1.8,5.3,.341,4.1,8.4,.486,.496,2.4,3.0,.809,0.9,2.8,3.7,3.4,1.1,0.8,2.2,2.9,16.1,,richajo01
114,Kent Bazemore,30,2TM,SF,68,21,1688,4.3,11.4,.375,1.8,5.2,.344,2.5,6.2,.400,.453,2.4,3.1,.769,0.6,5.7,6.3,2.0,1.6,0.9,1.9,4.2,12.7,,bazemke01
114,Kent Bazemore,30,POR,SF,43,21,1111,3.7,10.6,.347,1.8,5.5,.327,1.8,5.0,.368,.433,1.9,2.3,.806,0.4,5.2,5.6,2.0,1.5,1.0,1.9,3.9,11.0,,bazemke01
114,Kent Bazemore,30,SAC,SF,25,0,577,5.4,13.0,.418,1.7,4.6,.384,3.7,8.4,.437,.486,3.4,4.7,.733,0.9,6.7,7.6,2.0,1.8,0.6,1.9,4.7,16.0,,bazemke01
115,Danny Green,32,LAL,SG,68,68,1687,4.2,10.1,.416,2.6,7.0,.367,1.6,3.1,.524,.542,0.7,1.0,.688,1.1,3.7,4.8,1.9,1.8,0.7,1.3,2.9,11.7,,greenda02
116,Dejounte Murray,23,SAS,PG,66,58,1687,6.3,13.6,.462,0.9,2.4,.369,5.4,11.2,.481,.494,1.9,2.4,.798,1.5,6.7,8.2,5.8,2.4,0.4,2.7,3.1,15.4,,murrade01
117,Steven Adams,26,OKC,C,63,63,1680,6.1,10.2,.592,0.0,0.1,.333,6.0,10.2,.594,.593,2.5,4.3,.582,4.4,8.1,12.5,3.1,1.1,1.4,2.0,2.6,14.7,,adamsst01
118,Derrick White,25,SAS,SG,68,20,1677,5.4,11.8,.458,1.7,4.6,.366,3.7,7.2,.518,.530,3.9,4.5,.853,0.8,4.0,4.8,5.2,0.9,1.3,1.9,3.3,16.4,,whitede01
119,Coby White,19,CHI,PG,65,1,1674,6.7,17.0,.394,2.9,8.1,.354,3.8,8.9,.430,.478,2.2,2.8,.791,0.6,4.3,4.9,3.8,1.1,0.1,2.3,2.5,18.5,ROY-5,whiteco01
120,Malcolm Brogdon,27,IND,PG,54,54,1666,7.0,16.1,.438,1.6,5.0,.326,5.4,11.1,.488,.489,3.6,4.0,.892,1.0,4.7,5.7,8.2,0.8,0.2,2.8,2.1,19.3,,brogdma01
121,Goran Dragić,33,MIA,PG,59,3,1663,6.9,15.7,.441,2.7,7.3,.367,4.2,8.4,.505,.526,4.1,5.3,.776,0.6,3.4,4.0,6.5,0.9,0.2,3.1,2.7,20.6,6MOY-6,dragigo01
122,Eric Paschall,23,GSW,PF,60,26,1654,6.9,13.9,.497,0.8,2.8,.287,6.1,11.1,.550,.526,3.6,4.6,.774,1.8,4.2,6.0,2.8,0.7,0.3,2.0,2.7,18.2,ROY-6,pascher01
123,Eric Bledsoe,30,MIL,PG,61,61,1646,7.3,15.4,.475,1.6,4.7,.344,5.7,10.7,.533,.528,3.7,4.7,.790,0.9,5.2,6.2,7.2,1.2,0.6,3.2,2.8,19.9,DEF2,bledser01
124,Tony Snell,28,DET,SF,59,57,1641,3.7,8.4,.445,2.2,5.6,.402,1.5,2.8,.531,.579,0.7,0.7,1.000,0.2,2.2,2.4,2.8,0.7,0.3,0.7,2.2,10.4,,snellto01
125,Monte Morris,24,DEN,PG,73,12,1636,5.7,12.5,.459,1.4,3.8,.378,4.3,8.7,.495,.517,1.7,2.0,.843,0.5,2.5,3.0,5.6,1.2,0.4,1.2,1.6,14.5,,morrimo01
126,Wesley Matthews,33,MIL,SG,67,67,1635,3.7,9.3,.396,2.4,6.5,.364,1.3,2.8,.472,.524,1.1,1.5,.765,0.5,3.2,3.7,2.0,0.8,0.2,0.9,2.3,10.9,,matthwe02
127,Bruce Brown,23,DET,PG,58,43,1634,4.4,9.8,.443,0.7,2.1,.344,3.6,7.7,.470,.480,1.9,2.6,.739,1.3,4.7,6.0,5.1,1.4,0.6,2.2,3.6,11.4,,brownbr01
128,De'Aaron Fox,22,SAC,PG,51,49,1634,8.6,18.0,.480,1.2,4.1,.292,7.4,13.9,.535,.513,5.3,7.5,.705,0.8,3.5,4.3,7.7,1.6,0.6,3.5,3.2,23.7,,foxde01
129,Dario Šarić,25,PHO,PF,66,51,1632,5.6,11.9,.476,1.9,5.2,.357,3.8,6.7,.568,.554,2.4,2.8,.844,2.2,6.8,9.0,2.7,0.8,0.4,1.9,3.4,15.5,,saricda01
130,Jaren Jackson Jr.,20,MEM,C,57,57,1622,7.8,16.7,.469,3.2,8.2,.394,4.6,8.5,.540,.565,3.1,4.1,.747,1.2,4.6,5.8,1.7,0.9,2.0,2.2,5.1,22.0,,jacksja02
131,Ben McLemore,26,HOU,SF,71,23,1619,5.4,12.1,.444,4.0,10.1,.400,1.4,2.1,.656,.610,1.1,1.5,.746,0.5,3.0,3.5,1.3,1.0,0.4,1.1,3.4,15.9,,mclembe01
132,Aaron Holiday,23,IND,PG,66,33,1617,5.2,12.5,.414,1.9,4.9,.394,3.3,7.6,.427,.491,1.6,1.9,.851,0.5,3.0,3.5,5.0,1.2,0.4,2.0,2.7,14.0,,holidaa01
133,Austin Rivers,27,HOU,SG,68,4,1594,4.8,11.3,.421,2.2,6.1,.356,2.6,5.2,.498,.517,1.8,2.5,.703,0.6,3.3,4.0,2.6,1.1,0.2,1.1,2.9,13.5,,riverau01
134,Thaddeus Young,31,CHI,PF,64,16,1591,6.1,13.6,.448,1.8,5.0,.356,4.3,8.6,.501,.513,1.0,1.6,.583,2.1,5.0,7.1,2.6,2.1,0.5,2.3,3.0,14.9,,youngth01
135,Dāvis Bertāns,27,WAS,PF,54,4,1583,6.0,13.9,.434,4.5,10.7,.424,1.5,3.1,.471,.598,2.4,2.8,.852,0.8,4.8,5.6,2.1,0.8,0.8,1.3,3.2,19.0,6MOY-8,bertada01
136,JJ Redick,35,NOP,SG,60,36,1581,6.5,14.4,.453,4.1,9.0,.453,2.4,5.3,.453,.596,3.8,4.2,.892,0.2,3.2,3.4,2.7,0.5,0.2,1.7,2.2,20.9,,redicjj01
137,Bryn Forbes,26,SAS,SG,63,62,1579,5.5,13.2,.417,3.4,8.7,.388,2.1,4.6,.470,.544,1.7,2.1,.833,0.3,2.6,2.9,2.5,0.8,0.0,1.3,2.6,16.1,,forbebr01
138,Seth Curry,29,DAL,SG,64,25,1576,6.5,13.1,.495,3.3,7.3,.452,3.2,5.8,.549,.621,1.8,2.2,.825,0.6,2.7,3.3,2.8,0.9,0.2,1.4,2.6,18.1,,curryse01
139,Delon Wright,27,DAL,PG,73,5,1570,4.4,9.4,.462,1.1,2.9,.370,3.3,6.5,.504,.519,1.8,2.3,.770,1.6,4.8,6.4,5.6,1.9,0.5,1.7,2.1,11.6,,wrighde01
140,Daniel Theis,27,BOS,C,65,64,1566,5.5,9.8,.566,0.7,2.2,.333,4.8,7.6,.633,.603,2.0,2.6,.763,3.2,6.6,9.8,2.6,0.9,1.9,1.2,5.0,13.8,,theisda01
141,Furkan Korkmaz,22,PHI,SG,72,12,1559,5.6,13.0,.430,3.3,8.2,.402,2.3,4.8,.478,.557,1.8,2.4,.755,0.4,3.5,3.9,1.8,0.9,0.4,1.4,2.3,16.3,,korkmfu01
142,Cam Reddish,20,ATL,SF,58,34,1551,4.9,12.9,.384,1.9,5.8,.332,3.0,7.1,.428,.459,2.3,2.9,.802,0.8,4.2,5.0,2.0,1.4,0.6,2.2,3.1,14.2,,reddica01
143,Josh Okogie,21,MIN,SG,62,28,1547,4.0,9.3,.427,1.0,3.6,.266,3.0,5.7,.529,.479,3.5,4.4,.796,2.0,4.2,6.2,2.3,1.6,0.6,2.0,3.2,12.4,,okogijo01
144,Kyle Kuzma,24,LAL,PF,61,9,1526,6.9,15.8,.436,2.0,6.4,.316,4.8,9.3,.518,.500,2.7,3.7,.735,1.2,5.2,6.4,1.9,0.7,0.6,2.1,3.0,18.4,,kuzmaky01
145,Donte DiVincenzo,23,MIL,SG,66,24,1520,5.5,12.1,.455,2.0,5.9,.336,3.5,6.2,.567,.536,1.5,2.0,.733,1.6,6.0,7.5,3.6,2.0,0.5,2.1,2.7,14.4,,divindo01
146,Tyler Herro,20,MIA,SG,55,8,1508,6.4,15.1,.428,2.8,7.1,.389,3.7,7.9,.462,.520,2.1,2.4,.870,0.4,5.0,5.3,2.9,0.8,0.2,2.1,1.8,17.7,,herroty01
147,Jarrett Culver,20,MIN,SG,63,35,1506,5.5,13.6,.404,1.6,5.3,.299,3.9,8.3,.471,.462,1.3,2.8,.462,1.7,3.4,5.1,2.6,1.4,0.9,1.9,3.0,13.9,,culveja01
148,Joel Embiid,25,PHI,C,51,51,1506,9.1,19.1,.477,1.4,4.1,.331,7.8,15.0,.517,.512,8.4,10.4,.807,3.4,10.8,14.2,3.6,1.1,1.6,3.8,4.2,28.0,AS,embiijo01
149,Trevor Ariza,34,2TM,SF,53,21,1493,3.4,7.8,.438,1.9,5.0,.372,1.6,2.8,.556,.557,1.5,1.8,.838,0.8,5.1,5.9,2.2,1.7,0.4,1.4,2.7,10.2,,arizatr01
149,Trevor Ariza,34,SAC,SF,32,0,791,2.9,7.5,.388,2.0,5.6,.352,1.0,2.0,.488,.518,1.0,1.2,.778,1.0,5.7,6.6,2.3,1.6,0.3,1.3,2.9,8.7,,arizatr01
149,Trevor Ariza,34,POR,SF,21,21,702,4.0,8.2,.491,1.7,4.4,.400,2.3,3.8,.595,.597,2.1,2.4,.872,0.7,4.5,5.1,2.1,1.7,0.4,1.4,2.5,11.8,,arizatr01
150,Lauri Markkanen,22,CHI,PF,50,50,1492,6.1,14.3,.425,2.6,7.6,.344,3.4,6.6,.518,.517,3.0,3.7,.824,1.4,6.1,7.6,1.8,1.0,0.6,2.0,2.3,17.8,,markkla01
151,Patty Mills,31,SAS,PG,66,1,1485,6.3,14.5,.431,3.7,9.8,.382,2.5,4.7,.533,.560,2.4,2.7,.866,0.5,2.1,2.6,2.9,1.3,0.1,1.3,2.5,18.6,,millspa02
152,Serge Ibaka,30,TOR,C,55,27,1485,8.3,16.2,.512,1.7,4.4,.385,6.6,11.8,.559,.564,2.2,3.0,.718,2.8,8.2,11.0,1.9,0.7,1.1,2.6,3.7,20.5,,ibakase01
153,Norman Powell,26,TOR,SG,52,26,1479,7.2,14.6,.495,2.7,6.6,.399,4.6,7.9,.575,.586,3.1,3.7,.843,0.6,4.0,4.6,2.2,1.5,0.5,1.9,2.6,20.2,,powelno01
154,Larry Nance Jr.,27,CLE,PF,56,10,1472,5.6,10.5,.531,1.4,3.9,.352,4.2,6.7,.636,.596,1.2,1.8,.676,2.6,7.4,10.0,3.0,1.4,0.5,1.5,2.2,13.8,,nancela02
155,Jeff Teague,31,2TM,PG,59,17,1464,5.2,12.0,.436,1.1,2.9,.368,4.2,9.1,.457,.480,4.2,4.8,.873,0.7,2.8,3.5,7.6,1.1,0.5,2.9,2.6,15.8,,teaguje01
155,Jeff Teague,31,MIN,PG,34,13,945,5.5,12.3,.448,1.3,3.3,.379,4.3,9.0,.473,.498,4.8,5.5,.868,0.6,2.8,3.4,7.9,1.0,0.5,2.9,2.7,17.1,,teaguje01
155,Jeff Teague,31,ATL,PG,25,4,519,4.7,11.4,.412,0.7,2.1,.333,4.0,9.4,.430,.442,3.3,3.7,.887,0.8,2.9,3.7,6.9,1.3,0.4,2.8,2.5,13.4,,teaguje01
156,Rudy Gay,33,SAS,PF,67,5,1461,6.6,14.7,.446,1.8,5.4,.336,4.7,9.3,.511,.508,3.0,3.4,.882,1.5,7.4,8.9,2.8,0.9,0.8,2.2,2.5,17.9,,gayru01
157,Landry Shamet,22,LAC,SG,53,30,1452,3.9,9.7,.404,2.8,7.3,.375,1.2,2.4,.495,.546,1.6,1.9,.855,0.1,2.3,2.5,2.5,0.5,0.2,1.0,3.5,12.2,,shamela01
158,D'Angelo Russell,23,2TM,PG,45,45,1452,8.9,21.0,.426,3.9,10.7,.367,5.0,10.3,.487,.519,4.0,4.9,.809,0.4,4.0,4.4,7.1,1.2,0.3,3.6,2.1,25.8,,russeda01
158,D'Angelo Russell,23,GSW,PG,33,33,1060,9.3,21.6,.430,4.1,10.9,.374,5.2,10.7,.487,.524,3.8,4.9,.785,0.5,3.7,4.1,7.0,1.1,0.3,3.4,2.2,26.5,,russeda01
158,D'Angelo Russell,23,MIN,PG,12,12,392,8.0,19.4,.412,3.5,10.1,.345,4.5,9.3,.485,.502,4.4,5.1,.873,0.3,4.8,5.1,7.3,1.6,0.4,4.2,2.0,23.9,,russeda01
159,Anfernee Simons,20,POR,SG,70,4,1449,5.3,13.3,.399,1.9,5.6,.332,3.5,7.7,.448,.469,1.9,2.3,.826,0.6,3.2,3.8,2.4,0.6,0.2,1.5,3.4,14.4,,simonan01
160,Rui Hachimura,21,WAS,PF,48,48,1444,6.3,13.6,.466,0.6,2.2,.287,5.7,11.4,.500,.489,2.9,3.5,.829,1.9,5.4,7.3,2.2,0.9,0.2,1.3,2.6,16.2,,hachiru01
161,Maurice Harkless,26,2TM,PF,62,48,1427,3.6,7.1,.502,0.9,2.5,.347,2.7,4.7,.584,.562,1.0,1.7,.591,1.4,4.7,6.1,1.7,1.5,0.8,1.3,3.7,9.0,,harklma01
161,Maurice Harkless,26,LAC,PF,50,38,1141,3.5,6.8,.516,0.9,2.3,.370,2.7,4.5,.590,.578,0.8,1.3,.571,1.5,4.8,6.3,1.5,1.5,0.9,1.5,3.8,8.7,,harklma01
161,Maurice Harkless,26,NYK,SF,12,10,286,3.8,8.3,.455,0.9,3.1,.280,2.9,5.2,.561,.508,1.9,3.0,.625,1.0,4.0,5.0,2.5,1.1,0.4,0.9,3.5,10.3,,harklma01
162,Damion Lee,27,GSW,SG,49,36,1423,5.4,12.9,.417,2.2,6.0,.356,3.2,6.9,.471,.500,2.8,3.2,.873,0.8,5.2,6.0,3.4,1.3,0.2,1.7,2.9,15.7,,leeda03
163,D.J. Augustin,32,ORL,PG,57,13,1420,4.7,11.7,.399,1.8,5.1,.348,2.9,6.6,.438,.475,4.1,4.6,.890,0.6,2.5,3.1,6.6,0.9,0.0,2.2,1.8,15.2,,augusdj01
164,Paul George,29,LAC,SF,48,48,1419,8.7,19.8,.439,4.0,9.7,.412,4.7,10.2,.464,.539,4.8,5.5,.876,0.6,6.3,6.9,4.7,1.7,0.5,3.2,2.9,26.2,,georgpa01
165,Mitchell Robinson,21,NYK,C,61,7,1412,6.5,8.7,.742,0.0,0.0,,6.5,8.7,.742,.742,2.1,3.8,.568,4.7,6.2,10.9,0.9,1.3,3.0,0.9,4.9,15.0,,robinmi01
166,Bobby Portis,24,NYK,PF,66,5,1393,6.8,15.2,.450,1.7,4.8,.358,5.1,10.4,.493,.507,1.8,2.4,.763,2.1,6.7,8.7,2.5,0.8,0.5,1.9,2.8,17.3,,portibo01
167,Derrick Jones Jr.,22,MIA,SF,59,16,1375,4.8,9.1,.527,1.0,3.5,.280,3.8,5.7,.677,.580,2.5,3.2,.772,1.7,4.4,6.1,1.6,1.5,1.0,0.8,3.4,13.1,,jonesde02
168,Doug McDermott,28,IND,PF,69,0,1372,7.0,14.4,.488,3.4,7.7,.435,3.6,6.6,.549,.605,1.3,1.5,.828,0.7,3.9,4.6,2.0,0.3,0.1,1.1,3.1,18.6,,mcderdo01
169,Brad Wanamaker,30,BOS,PG,71,1,1369,4.3,9.5,.448,1.0,2.7,.363,3.3,6.8,.481,.499,3.3,3.6,.926,0.6,3.2,3.8,4.7,1.6,0.4,2.0,3.5,12.8,,wanambr01
170,Mike Conley,32,UTA,PG,47,41,1363,6.1,15.0,.409,2.5,6.8,.375,3.6,8.2,.437,.494,3.0,3.7,.827,0.9,3.1,4.0,5.5,1.0,0.1,2.4,2.7,17.8,,conlemi01
171,John Collins,22,ATL,PF,41,41,1363,9.3,16.0,.583,1.6,3.9,.401,7.8,12.1,.642,.632,3.2,4.0,.800,3.1,7.9,11.0,1.6,0.8,1.7,2.0,3.6,23.4,,collijo01
172,Shabazz Napier,28,2TM,PG,56,32,1344,5.0,12.2,.412,2.0,6.4,.317,3.0,5.8,.519,.496,3.4,4.1,.824,0.7,3.5,4.2,7.0,1.8,0.3,3.4,2.7,15.5,,napiesh01
172,Shabazz Napier,28,MIN,PG,36,22,856,4.8,11.9,.403,2.0,6.7,.296,2.8,5.2,.540,.486,3.0,3.7,.818,0.7,3.9,4.6,7.9,1.7,0.3,3.2,2.6,14.6,,napiesh01
172,Shabazz Napier,28,WAS,PG,20,10,488,5.5,12.8,.428,2.1,6.0,.358,3.3,6.8,.489,.512,4.0,4.8,.831,0.7,2.9,3.5,5.5,2.1,0.3,3.8,2.9,17.0,,napiesh01
173,Patrick Beverley,31,LAC,PG,51,50,1342,3.9,9.1,.431,2.1,5.5,.388,1.8,3.6,.496,.548,0.8,1.3,.660,1.5,5.6,7.1,4.9,1.4,0.7,1.8,4.2,10.9,DPOY-6DEF2,beverpa01
174,Cody Zeller,27,CHO,C,58,39,1341,6.7,12.9,.524,0.5,2.0,.240,6.3,10.8,.577,.543,3.3,4.8,.682,4.3,6.7,11.0,2.4,1.1,0.7,2.0,3.8,17.2,,zelleco01
175,Gary Trent Jr.,21,POR,SF,61,8,1332,5.3,11.9,.444,3.0,7.2,.418,2.3,4.7,.486,.571,1.0,1.2,.822,0.7,2.0,2.7,1.6,1.3,0.4,0.6,2.4,14.6,,trentga02
176,Kyle Anderson,26,MEM,SF,67,28,1330,4.2,9.0,.474,0.6,2.3,.282,3.6,6.7,.541,.511,1.4,2.1,.667,1.6,6.1,7.7,4.4,1.5,1.0,1.8,3.0,10.6,,anderky01
177,Caris LeVert,25,BRK,SG,45,31,1330,8.4,19.8,.425,2.2,6.0,.364,6.3,13.9,.451,.480,3.8,5.3,.711,1.3,3.8,5.1,5.4,1.4,0.3,3.2,2.2,22.8,,leverca01
178,Ivica Zubac,22,LAC,C,72,70,1326,6.4,10.5,.613,0.0,0.1,.000,6.4,10.4,.616,.613,3.4,4.5,.747,5.3,9.4,14.7,2.2,0.4,1.8,1.7,4.6,16.2,,zubaciv01
179,T.J. McConnell,27,IND,PG,71,3,1326,5.8,11.2,.516,0.1,0.5,.294,5.6,10.7,.525,.522,1.0,1.1,.833,1.0,4.1,5.1,9.6,1.5,0.3,2.7,2.0,12.6,,mccontj01
180,Christian Wood,24,DET,PF,62,12,1325,7.8,13.8,.567,1.5,3.8,.386,6.4,10.0,.636,.620,4.9,6.6,.744,2.8,7.8,10.6,1.6,0.9,1.5,2.3,2.7,22.0,6MOY-4,woodch01
181,JaMychal Green,29,LAC,PF,63,1,1307,4.2,9.7,.429,2.5,6.6,.387,1.6,3.1,.518,.560,1.0,1.3,.750,2.1,8.6,10.7,1.3,0.8,0.7,1.5,4.8,11.8,,greenja01
182,Dwight Howard,34,LAL,C,69,2,1306,5.6,7.6,.729,0.1,0.1,.600,5.5,7.5,.732,.735,3.0,5.9,.514,4.7,9.2,14.0,1.2,0.9,2.2,2.3,6.1,14.3,6MOY-9,howardw01
183,Kelly Olynyk,28,MIA,C,67,9,1300,5.1,11.0,.462,2.6,6.5,.406,2.5,4.5,.543,.582,2.4,2.8,.860,1.2,7.2,8.4,3.2,1.2,0.6,2.0,4.8,15.2,,olynyke01
184,Brandon Clarke,23,MEM,PF,58,4,1300,8.2,13.3,.618,0.6,1.8,.359,7.6,11.5,.658,.642,2.4,3.1,.759,2.5,7.0,9.6,2.2,0.9,1.3,1.5,2.8,19.4,ROY-4,clarkbr01
185,Derrick Rose,31,DET,PG,50,15,1298,10.2,20.9,.490,1.2,4.1,.306,9.0,16.8,.535,.520,3.4,3.9,.871,0.7,2.6,3.4,7.7,1.1,0.4,3.5,1.4,25.1,6MOY-7,rosede01
186,Jeremy Lamb,27,IND,SG,46,42,1291,6.0,13.4,.451,1.5,4.4,.335,4.5,9.0,.508,.506,2.6,3.1,.836,0.7,4.9,5.6,2.7,1.5,0.6,1.4,2.9,16.1,,lambje01
187,Matisse Thybulle,22,PHI,SG,65,14,1287,3.1,7.4,.423,1.6,4.4,.357,1.6,3.0,.519,.528,0.7,1.1,.610,1.2,1.8,3.0,2.2,2.6,1.3,1.4,3.9,8.5,,thybuma01
188,Clint Capela,25,HOU,C,39,39,1279,6.9,10.9,.629,0.0,0.0,,6.9,10.9,.629,.629,1.5,2.9,.529,4.7,10.4,15.1,1.4,0.9,2.0,1.8,2.9,15.3,,capelca01
189,Jordan Poole,20,GSW,SG,57,14,1274,4.7,14.2,.333,2.1,7.5,.279,2.6,6.7,.392,.406,2.7,3.4,.798,0.3,3.1,3.3,3.8,1.0,0.3,2.1,2.7,14.2,,poolejo01
190,Trey Lyles,24,SAS,PF,63,53,1271,4.3,9.7,.446,1.8,4.8,.387,2.5,5.0,.503,.541,0.9,1.3,.733,2.0,8.2,10.2,2.0,0.8,0.8,1.1,2.8,11.4,,lylestr01
191,George Hill,33,MIL,PG,59,2,1271,5.5,10.6,.516,2.3,5.0,.460,3.2,5.7,.565,.624,2.4,2.9,.842,1.4,3.6,5.0,5.1,1.3,0.1,1.6,2.4,15.7,6MOY-4,hillge01
192,Kris Dunn,25,CHI,PG,51,32,1269,4.3,9.7,.444,0.8,3.2,.259,3.5,6.5,.535,.487,1.1,1.5,.741,0.7,4.6,5.3,4.9,2.9,0.5,1.9,4.5,10.6,,dunnkr01
193,Svi Mykhailiuk,22,DET,SF,56,27,1265,4.7,11.5,.410,3.3,8.1,.404,1.5,3.4,.425,.552,1.6,2.0,.814,0.5,2.5,3.0,3.0,1.2,0.1,1.7,2.5,14.3,,mykhasv01
194,James Ennis III,29,2TM,SG,69,18,1265,4.6,10.2,.446,1.6,4.8,.325,3.0,5.4,.553,.522,2.2,2.8,.806,2.0,5.0,7.0,1.8,1.0,0.6,1.7,3.9,12.9,,ennisja01
194,James Ennis III,29,PHI,SF,49,0,776,4.6,10.5,.442,1.7,4.9,.349,2.9,5.6,.525,.524,2.2,2.8,.787,2.2,4.7,7.0,1.9,1.1,0.6,1.4,3.9,13.2,,ennisja01
194,James Ennis III,29,ORL,SG,20,18,489,4.4,9.8,.451,1.3,4.6,.286,3.1,5.2,.600,.519,2.3,2.7,.838,1.7,5.3,7.0,1.6,0.9,0.6,2.0,3.8,12.4,,ennisja01
195,Terrance Ferguson,21,OKC,SF,56,38,1257,2.2,6.3,.355,1.4,4.8,.292,0.8,1.5,.558,.466,0.4,0.6,.750,0.7,1.5,2.1,1.5,0.8,0.5,0.9,4.4,6.3,,fergute01
196,Wendell Carter Jr.,20,CHI,C,43,43,1256,5.2,9.8,.534,0.2,0.8,.207,5.1,9.0,.564,.542,3.2,4.4,.737,4.0,7.6,11.6,1.5,0.9,1.0,2.1,4.6,13.9,,cartewe01
197,Cameron Johnson,23,PHO,PF,57,9,1255,5.0,11.6,.435,3.0,7.8,.390,2.0,3.8,.526,.565,1.3,1.6,.807,1.4,4.0,5.4,2.0,1.0,0.6,0.9,2.5,14.5,,johnsca02
198,Isaac Bonga,20,WAS,SF,66,49,1250,3.4,6.7,.504,0.7,2.0,.352,2.7,4.7,.571,.558,2.0,2.4,.812,2.0,4.3,6.4,2.2,1.3,0.6,1.7,4.5,9.5,,bongais01
199,Elfrid Payton,25,NYK,PG,45,36,1246,5.6,12.7,.439,0.4,2.0,.203,5.2,10.7,.482,.455,1.4,2.5,.570,1.5,4.6,6.1,9.3,2.0,0.5,2.8,2.6,13.0,,paytoel01
200,Pat Connaughton,27,MIL,SG,67,4,1243,4.0,8.7,.455,1.6,4.8,.331,2.4,3.9,.607,.547,0.9,1.2,.775,1.7,6.5,8.2,3.1,0.7,0.9,1.5,2.0,10.4,,connapa01
201,Derrick Favors,28,NOP,C,51,49,1243,6.1,9.8,.617,0.0,0.2,.143,6.0,9.6,.627,.618,1.2,2.1,.563,4.7,9.8,14.5,2.3,0.9,1.3,1.6,3.1,13.3,,favorde01
202,Richaun Holmes,26,SAC,C,44,38,1242,6.5,10.0,.648,0.0,0.0,,6.5,10.0,.648,.648,2.7,3.4,.788,3.7,6.7,10.4,1.2,1.2,1.6,1.5,4.9,15.6,,holmeri01
203,Paul Millsap,34,DEN,PF,51,48,1240,6.1,12.7,.482,1.6,3.6,.435,4.6,9.1,.500,.543,3.3,4.1,.816,2.8,5.7,8.5,2.4,1.3,0.9,2.0,4.4,17.2,,millspa01
204,Deandre Ayton,21,PHO,C,38,32,1236,9.0,16.5,.546,0.1,0.4,.231,8.9,16.2,.553,.548,2.0,2.6,.753,4.3,8.4,12.7,2.1,0.8,1.7,2.3,3.4,20.1,,aytonde01
205,DeAndre Jordan,31,BRK,C,56,6,1234,5.6,8.4,.666,0.0,0.0,,5.6,8.4,.666,.666,2.4,3.6,.680,4.1,12.3,16.4,3.1,0.5,1.5,2.2,3.3,13.6,,jordade01
206,Tyus Jones,23,MEM,PG,65,6,1232,5.8,12.5,.459,1.4,3.6,.379,4.4,8.9,.492,.514,1.3,1.7,.741,0.3,2.7,3.0,8.3,1.7,0.2,1.6,1.3,14.1,,jonesty01
207,Draymond Green,29,GSW,PF,43,43,1222,3.6,9.3,.389,1.1,3.8,.279,2.6,5.5,.465,.446,1.9,2.4,.759,0.7,7.2,7.8,7.8,1.7,1.0,2.9,3.2,10.2,,greendr01
208,Terence Davis,22,TOR,SG,72,4,1209,5.9,13.0,.456,2.8,7.2,.388,3.1,5.8,.541,.564,1.5,1.8,.864,1.5,5.6,7.1,3.4,1.2,0.4,2.3,3.7,16.2,ROY-6,daviste02
209,Malik Beasley,23,2TM,SG,55,14,1209,6.8,15.9,.425,3.2,8.2,.388,3.6,7.7,.465,.525,1.6,2.0,.818,0.5,3.9,4.4,2.2,1.2,0.2,1.7,2.3,18.3,,beaslma01
209,Malik Beasley,23,DEN,SG,41,0,746,5.6,14.5,.389,2.8,7.8,.360,2.8,6.8,.421,.485,1.6,1.8,.868,0.4,3.3,3.7,2.3,1.5,0.3,1.7,2.4,15.7,,beaslma01
209,Malik Beasley,23,MIN,SG,14,14,463,8.6,18.1,.472,3.8,8.9,.426,4.7,9.2,.517,.577,1.6,2.2,.750,0.7,4.8,5.5,2.1,0.7,0.2,1.6,2.1,22.5,,beaslma01
210,Mike Scott,31,PHI,PF,68,11,1207,4.4,10.4,.426,2.4,6.5,.369,2.1,4.0,.519,.540,0.9,1.1,.811,1.9,5.5,7.4,1.7,0.6,0.1,0.8,2.9,12.2,,scottmi01
211,Marquese Chriss,22,GSW,PF,59,21,1196,6.3,11.6,.545,0.2,1.2,.205,6.1,10.4,.584,.556,3.6,4.7,.769,3.4,7.6,11.0,3.4,1.2,1.9,2.3,3.7,16.5,,chrisma01
212,Frank Ntilikina,21,NYK,PG,57,26,1187,4.0,10.1,.393,1.3,4.2,.321,2.6,5.9,.444,.459,1.5,1.8,.864,0.7,3.0,3.7,5.2,1.6,0.5,2.2,4.3,10.8,,ntilila01
213,Karl-Anthony Towns,24,MIN,C,35,35,1187,9.6,18.9,.508,3.5,8.4,.412,6.1,10.5,.586,.600,5.5,6.9,.796,2.9,8.6,11.5,4.6,1.0,1.3,3.3,3.5,28.1,,townska01
214,Markieff Morris,30,2TM,PF,58,17,1187,6.2,13.9,.443,2.7,6.9,.386,3.5,7.0,.500,.539,2.0,2.6,.776,1.2,5.4,6.6,2.3,0.9,0.5,2.3,4.0,17.0,,morrima02
214,Markieff Morris,30,DET,PF,44,16,988,6.4,14.2,.450,2.7,6.9,.397,3.6,7.3,.500,.546,2.2,2.9,.772,0.9,5.4,6.3,2.5,0.9,0.4,2.6,3.8,17.7,,morrima02
214,Markieff Morris,30,LAL,PF,14,1,199,5.1,12.5,.406,2.4,7.1,.333,2.7,5.4,.500,.500,0.9,1.1,.833,2.9,5.2,8.1,1.4,0.9,1.1,1.1,5.2,13.4,,morrima02
215,Avery Bradley,29,LAL,SG,49,44,1186,5.2,11.6,.444,1.9,5.3,.364,3.2,6.4,.510,.526,0.6,0.7,.833,0.5,2.9,3.5,1.9,1.3,0.2,1.4,3.3,12.8,,bradlav01
216,Alex Caruso,25,LAL,PG,64,2,1175,3.7,8.9,.412,1.2,3.7,.333,2.5,5.2,.468,.481,2.1,2.9,.734,0.5,3.2,3.8,3.8,2.1,0.6,1.6,3.0,10.7,,carusal01
217,Jakob Poeltl,24,SAS,C,66,18,1171,5.1,8.2,.624,0.0,0.0,,5.1,8.2,.624,.624,1.2,2.6,.465,4.0,7.5,11.5,3.6,1.1,2.9,1.7,3.9,11.4,,poeltja01
218,Malik Monk,21,CHO,SG,55,1,1169,6.5,15.0,.434,1.8,6.3,.284,4.7,8.7,.542,.494,2.5,3.1,.820,0.8,4.0,4.8,3.5,0.8,0.5,2.4,2.3,17.4,,monkma01
219,De'Anthony Melton,21,MEM,PG,60,8,1167,5.0,12.4,.401,1.2,4.3,.286,3.7,8.1,.464,.451,2.9,3.7,.769,1.3,5.5,6.8,5.4,2.4,0.6,2.6,3.4,14.0,,meltode01
220,Kevin Knox,20,NYK,SF,65,4,1166,4.4,12.4,.359,2.0,6.1,.327,2.4,6.2,.391,.440,2.0,3.1,.653,0.9,4.8,5.7,1.9,0.7,0.9,1.4,3.3,12.9,,knoxke01
221,Kevin Porter Jr.,19,CLE,SF,50,3,1162,5.8,13.0,.442,1.6,4.9,.335,4.1,8.1,.506,.505,2.3,3.1,.723,0.7,4.3,5.0,3.4,1.4,0.4,2.9,4.2,15.4,,porteke02
222,Marc Gasol,35,TOR,C,44,43,1161,3.7,8.7,.427,1.8,4.6,.385,1.9,4.1,.473,.529,1.1,1.5,.735,1.0,7.6,8.5,4.6,1.1,1.2,1.8,3.8,10.3,,gasolma01
223,Thomas Bryant,22,WAS,C,46,36,1147,7.6,13.1,.581,1.2,2.9,.407,6.5,10.3,.630,.626,2.7,3.6,.741,3.1,7.3,10.4,2.6,0.8,1.5,1.7,3.2,19.1,,bryanth01
224,JaVale McGee,32,LAL,C,68,68,1130,6.2,9.7,.637,0.1,0.2,.500,6.1,9.6,.640,.642,1.7,2.6,.646,4.0,8.4,12.4,1.2,1.1,3.0,1.8,5.1,14.2,,mcgeeja01
225,Darius Bazley,19,OKC,PF,61,9,1130,4.0,10.1,.394,1.6,4.5,.348,2.4,5.6,.432,.472,1.4,2.0,.694,1.0,6.9,7.8,1.3,0.7,1.3,1.4,1.8,10.9,,bazleda01
226,Marvin Williams,33,2TM,PF,58,1,1129,3.8,8.5,.446,1.8,5.0,.359,2.0,3.5,.568,.551,1.6,1.8,.860,1.0,4.9,5.8,1.9,1.1,1.0,1.1,3.3,10.9,,willima02
226,Marvin Williams,33,CHO,PF,41,1,808,4.2,9.4,.448,2.0,5.2,.376,2.2,4.1,.538,.552,1.9,2.2,.860,0.7,4.2,4.9,1.8,1.2,1.0,1.1,3.2,12.3,,willima02
226,Marvin Williams,33,MIL,PF,17,0,321,2.8,6.4,.439,1.3,4.4,.308,1.5,2.0,.722,.544,0.7,0.8,.857,1.7,6.6,8.3,2.1,1.1,0.9,0.9,3.6,7.6,,willima02
227,Nerlens Noel,25,OKC,C,61,7,1127,5.9,8.6,.684,0.0,0.1,.333,5.8,8.5,.688,.686,2.6,3.4,.755,2.9,6.7,9.6,1.8,1.9,2.9,2.1,5.3,14.3,,noelne01
228,Rondae Hollis-Jefferson,25,TOR,PF,60,6,1122,5.0,10.6,.471,0.1,0.7,.130,4.9,9.8,.497,.476,3.4,4.6,.734,3.5,5.6,9.1,3.4,1.5,0.7,1.9,3.7,13.4,,holliro01
229,Willie Cauley-Stein,26,2TM,C,54,39,1097,5.7,9.9,.579,0.0,0.0,.000,5.7,9.9,.581,.579,1.3,2.2,.606,2.8,7.6,10.3,2.3,1.6,2.0,1.3,4.0,12.8,,caulewi01
229,Willie Cauley-Stein,26,GSW,C,41,37,940,5.5,9.8,.560,0.0,0.0,,5.5,9.8,.560,.560,1.3,2.2,.614,2.7,7.0,9.8,2.3,1.7,1.9,1.3,3.9,12.4,,caulewi01
229,Willie Cauley-Stein,26,DAL,C,13,2,157,7.1,10.3,.689,0.0,0.2,.000,7.1,10.1,.705,.689,1.1,2.1,.556,3.0,10.8,13.8,2.3,0.9,2.5,1.1,4.4,15.4,,caulewi01
230,Gorgui Dieng,30,2TM,C,63,17,1096,5.5,12.0,.456,1.8,5.0,.355,3.7,7.0,.528,.530,2.6,3.3,.772,3.0,8.6,11.6,2.4,1.7,1.9,2.0,4.1,15.2,,dienggo01
230,Gorgui Dieng,30,MIN,C,46,17,778,5.7,12.8,.448,2.1,5.6,.383,3.6,7.3,.497,.531,2.2,2.7,.797,3.4,8.5,11.8,2.7,1.7,1.9,2.0,4.1,15.8,,dienggo01
230,Gorgui Dieng,30,MEM,C,17,0,318,4.8,9.8,.483,0.9,3.6,.250,3.8,6.2,.618,.529,3.5,4.8,.738,2.0,9.1,11.1,1.7,1.6,1.9,1.8,4.0,13.9,,dienggo01
231,Solomon Hill,28,2TM,PF,59,4,1088,3.6,9.2,.396,2.1,5.7,.368,1.6,3.5,.439,.509,1.3,1.8,.741,1.0,4.5,5.5,3.4,1.4,0.4,1.7,2.8,10.7,,hillso01
231,Solomon Hill,28,MEM,PF,48,3,901,3.8,9.3,.412,2.2,5.9,.381,1.6,3.4,.465,.532,1.0,1.5,.684,1.0,4.8,5.8,3.8,1.2,0.3,1.6,2.9,10.9,,hillso01
231,Solomon Hill,28,MIA,PF,11,1,187,2.7,8.7,.311,1.3,4.6,.292,1.3,4.0,.333,.389,2.7,3.1,.875,1.0,3.1,4.0,1.9,2.3,1.0,2.1,2.3,9.4,,hillso01
232,Jaxson Hayes,19,NOP,C,64,14,1080,5.8,8.6,.672,0.0,0.1,.250,5.8,8.5,.678,.674,4.1,6.3,.647,3.2,5.4,8.6,1.9,0.9,1.8,1.8,5.4,15.7,,hayesja02
233,Torrey Craig,29,DEN,SF,58,27,1072,4.2,9.0,.461,1.5,4.6,.326,2.7,4.4,.603,.545,0.7,1.2,.611,2.1,4.2,6.3,1.6,0.8,1.2,0.8,4.5,10.6,,craigto01
234,Dwight Powell,28,DAL,C,40,37,1061,5.0,7.8,.638,0.3,1.3,.256,4.6,6.4,.716,.659,2.5,3.8,.667,2.5,5.2,7.7,2.0,1.2,0.7,1.2,3.5,12.8,,poweldw01
235,Mason Plumlee,29,DEN,C,61,1,1057,6.0,9.8,.615,0.0,0.2,.000,6.0,9.6,.625,.615,2.8,5.3,.535,3.3,7.5,10.8,5.2,1.1,1.3,2.8,4.9,14.9,,plumlma01
236,Justin Jackson,24,DAL,PF,65,3,1045,4.7,11.7,.396,1.7,5.6,.294,3.0,6.1,.489,.466,1.4,1.7,.840,0.9,4.4,5.3,1.8,0.5,0.3,0.5,2.4,12.4,,jacksju01
237,Grant Williams,21,BOS,PF,69,5,1043,3.0,7.3,.412,0.8,3.3,.250,2.2,4.0,.548,.469,1.3,1.9,.722,2.0,4.1,6.1,2.3,1.0,1.2,1.7,5.6,8.2,,willigr01
238,Nicolò Melli,29,NOP,C,60,8,1042,4.7,11.2,.421,2.4,7.1,.335,2.3,4.0,.573,.528,1.9,2.5,.740,1.3,4.9,6.2,2.8,1.2,0.8,1.6,4.3,13.6,,mellini01
239,Meyers Leonard,27,MIA,C,51,49,1034,4.1,8.1,.509,1.8,4.5,.414,2.3,3.7,.623,.622,0.6,1.0,.643,1.0,8.0,9.1,1.9,0.5,0.5,1.4,3.7,10.8,,leoname01
240,Bismack Biyombo,27,CHO,C,53,29,1029,5.3,9.7,.543,0.0,0.0,,5.3,9.7,.543,.543,3.2,5.3,.603,4.2,6.6,10.8,1.7,0.3,1.7,1.7,4.1,13.7,,biyombi01
241,Taj Gibson,34,NYK,C,62,56,1025,5.9,10.0,.584,0.1,0.5,.286,5.7,9.6,.599,.591,1.4,2.0,.732,3.9,5.5,9.4,1.8,0.9,1.1,1.7,4.3,13.3,,gibsota01
242,Jalen Brunson,23,DAL,PG,57,16,1022,6.4,13.7,.466,1.5,4.2,.358,4.9,9.4,.515,.522,2.1,2.6,.813,0.8,3.9,4.7,6.6,0.8,0.1,2.3,2.6,16.4,,brunsja01
243,E'Twaun Moore,30,NOP,SG,56,6,1020,6.6,15.4,.426,2.2,5.9,.377,4.3,9.5,.456,.498,1.1,1.6,.689,1.1,3.5,4.6,2.8,1.1,0.4,1.4,2.8,16.4,,mooreet01
244,Eric Gordon,31,HOU,SF,36,15,1016,6.1,16.4,.369,3.4,10.7,.317,2.7,5.7,.469,.473,2.9,3.8,.766,0.3,2.2,2.5,1.9,0.8,0.5,1.5,2.5,18.4,,gordoer01
245,Ky Bowman,22,GSW,PG,45,12,1015,4.8,11.4,.417,1.2,3.8,.308,3.6,7.6,.472,.469,1.2,1.5,.829,0.9,3.4,4.3,4.6,1.6,0.4,2.5,3.6,11.9,,bowmaky01
246,Semi Ojeleye,25,BOS,PF,69,6,1011,2.8,7.0,.408,1.7,4.5,.378,1.1,2.5,.464,.531,1.0,1.1,.875,0.9,4.2,5.2,1.3,0.7,0.2,0.7,2.8,8.4,,ojelese01
247,Lonnie Walker IV,21,SAS,SG,61,12,988,5.5,13.0,.426,1.5,3.7,.406,4.0,9.3,.434,.483,1.6,2.2,.721,0.8,4.2,5.1,2.5,1.2,0.5,1.6,2.8,14.2,,walkelo01
248,Ersan İlyasova,32,MIL,PF,63,8,986,5.3,11.4,.466,1.8,5.0,.365,3.5,6.4,.545,.546,2.6,3.2,.828,2.3,8.8,11.0,1.8,0.9,0.6,1.2,3.5,15.1,,ilyaser01
249,Rajon Rondo,33,LAL,PG,48,3,984,5.0,12.0,.418,1.5,4.6,.328,3.5,7.4,.473,.480,1.0,1.5,.659,0.8,4.4,5.2,8.8,1.5,0.1,3.3,2.1,12.5,,rondora01
250,Enes Freedom,27,BOS,C,58,7,983,7.3,12.7,.572,0.0,0.3,.143,7.3,12.5,.581,.573,2.6,3.6,.707,6.0,9.8,15.8,2.1,0.8,1.5,2.1,3.7,17.2,,kanteen01
251,Jonathan Isaac,22,ORL,PF,34,32,980,5.7,12.2,.470,1.2,3.5,.340,4.6,8.7,.521,.518,2.2,2.8,.779,2.1,6.4,8.5,1.8,1.9,2.9,1.8,3.0,14.8,,isaacjo01
252,Jerome Robinson,22,2TM,SG,63,6,979,4.2,11.4,.371,1.8,5.6,.320,2.4,5.8,.420,.450,1.5,2.1,.702,0.5,4.3,4.7,3.2,1.0,0.6,1.8,4.1,11.7,,robinje01
252,Jerome Robinson,22,LAC,SG,42,1,476,3.5,10.3,.338,1.4,5.1,.284,2.0,5.2,.391,.408,0.8,1.4,.579,0.4,4.2,4.5,3.5,1.0,0.6,2.0,4.2,9.2,,robinje01
252,Jerome Robinson,22,WAS,SG,21,5,503,4.9,12.5,.397,2.1,6.2,.349,2.8,6.3,.443,.483,2.1,2.7,.763,0.6,4.4,4.9,2.9,1.1,0.6,1.6,4.1,14.1,,robinje01
253,Alex Len,26,2TM,C,55,12,970,6.6,11.8,.555,0.6,2.2,.271,6.0,9.6,.619,.580,2.5,3.9,.648,3.7,8.2,11.9,1.9,0.9,1.8,2.0,4.7,16.3,,lenal01
253,Alex Len,26,ATL,C,40,9,745,6.9,12.6,.546,0.7,2.7,.250,6.2,9.9,.627,.573,2.5,3.9,.630,3.3,7.8,11.1,2.0,1.0,1.6,1.9,4.5,16.9,,lenal01
253,Alex Len,26,SAC,C,15,3,225,5.6,9.4,.593,0.3,0.5,.667,5.3,9.0,.589,.610,2.7,3.8,.708,5.0,9.6,14.6,1.3,0.5,2.4,2.6,5.4,14.2,,lenal01
254,Kyle Korver,38,MIL,SF,58,1,960,4.7,11.0,.430,3.7,8.9,.418,1.0,2.1,.482,.599,1.3,1.5,.854,0.6,4.0,4.6,2.5,1.0,0.5,1.8,2.9,14.5,,korveky01
255,Jeff Green,33,2TM,C,48,4,960,6.0,12.9,.462,2.3,6.9,.339,3.6,6.0,.602,.552,2.7,3.4,.802,0.9,4.1,5.0,1.9,1.0,0.7,1.6,3.3,17.0,,greenje02
255,Jeff Green,33,UTA,PF,30,2,553,4.9,12.7,.385,2.2,6.8,.327,2.7,5.9,.451,.472,3.2,4.1,.778,0.9,4.4,5.3,1.3,0.8,0.7,1.8,3.0,15.2,,greenje02
255,Jeff Green,33,HOU,C,18,2,407,7.4,13.2,.564,2.5,7.0,.354,5.0,6.2,.800,.658,2.1,2.5,.857,0.9,3.7,4.6,2.7,1.2,0.8,1.3,3.8,19.5,,greenje02
256,Robin Lopez,31,MIL,C,66,5,958,5.5,11.2,.492,1.3,3.9,.333,4.2,7.3,.577,.550,1.1,2.0,.528,2.1,3.9,6.1,1.7,0.4,1.7,2.4,3.6,13.4,,lopezro01
257,Wes Iwundu,25,ORL,SF,52,21,953,3.7,8.8,.416,1.1,3.1,.341,2.6,5.7,.457,.476,2.9,3.7,.804,0.9,4.0,4.9,2.3,0.9,0.5,1.0,3.0,11.3,,iwundwe01
258,Jevon Carter,24,PHO,PG,58,2,945,3.8,9.3,.416,2.4,5.6,.425,1.5,3.7,.402,.543,0.9,1.0,.852,1.1,3.4,4.5,3.2,1.8,0.6,1.2,3.3,10.9,,carteje01
259,Aron Baynes,33,PHO,C,42,28,934,7.1,14.7,.480,2.3,6.5,.351,4.8,8.2,.582,.558,2.2,2.9,.747,2.7,6.4,9.1,2.6,0.4,0.9,1.9,5.4,18.5,,baynear01
260,Ryan Arcidiacono,25,CHI,PG,58,4,930,3.5,8.5,.409,2.1,5.3,.391,1.4,3.2,.439,.532,1.0,1.5,.711,0.8,3.5,4.3,3.7,1.0,0.1,1.4,3.7,10.1,,arcidry01
261,Treveon Graham,26,2TM,SF,55,20,929,3.4,9.4,.360,1.3,4.7,.275,2.1,4.7,.443,.428,1.4,2.2,.643,2.0,3.8,5.8,1.7,0.9,0.2,1.1,4.0,9.4,,grahatr01
261,Treveon Graham,26,MIN,SF,33,20,663,3.4,9.5,.354,1.1,4.5,.241,2.3,5.0,.457,.411,1.5,2.0,.730,1.6,3.9,5.4,1.6,0.9,0.1,1.0,3.6,9.3,,grahatr01
261,Treveon Graham,26,ATL,SF,22,0,266,3.4,9.1,.373,1.8,5.0,.351,1.6,4.1,.400,.470,1.2,2.6,.474,3.0,3.8,6.8,2.0,0.9,0.5,1.4,4.9,9.7,,grahatr01
262,Isaiah Thomas,30,WAS,PG,40,37,925,6.8,16.6,.408,3.0,7.4,.413,3.7,9.2,.405,.500,2.4,3.0,.816,0.4,2.2,2.6,5.7,0.5,0.2,3.0,3.0,19.0,,thomais02
263,Georges Niang,26,UTA,PF,66,1,923,5.5,12.6,.438,3.5,8.8,.400,2.0,3.8,.526,.578,0.8,0.9,.833,0.6,4.4,5.0,1.7,0.7,0.2,1.2,2.9,15.3,,niangge01
264,Khem Birch,27,ORL,C,48,24,922,2.9,5.6,.510,0.0,0.0,.000,2.9,5.5,.514,.510,2.6,3.9,.653,3.6,5.0,8.6,2.0,0.8,0.9,1.2,3.6,8.3,,birchkh01
265,Luke Kennard,23,DET,SG,28,25,922,5.9,13.4,.442,2.9,7.1,.399,3.0,6.2,.491,.548,2.6,2.9,.893,0.4,3.5,3.8,4.5,0.5,0.2,1.7,2.5,17.3,,kennalu01
266,Jabari Parker,24,2TM,PF,38,23,917,8.6,16.8,.510,1.3,4.7,.269,7.3,12.2,.603,.548,2.4,3.2,.753,2.4,6.0,8.4,2.7,1.8,0.6,2.5,3.9,20.8,,parkeja01
266,Jabari Parker,24,ATL,PF,32,23,837,8.5,16.9,.504,1.3,4.9,.270,7.2,12.0,.601,.543,2.3,3.1,.736,2.3,5.9,8.2,2.5,1.8,0.6,2.6,4.0,20.6,,parkeja01
266,Jabari Parker,24,SAC,PF,6,0,80,9.5,16.2,.583,0.5,1.8,.250,9.0,14.4,.625,.597,3.6,4.1,.889,3.2,7.2,10.4,4.5,1.4,0.5,1.8,2.7,23.0,,parkeja01
267,DeAndre' Bembry,25,ATL,SG,43,4,915,4.1,9.0,.456,0.6,2.6,.231,3.5,6.4,.546,.489,1.0,1.9,.542,1.3,4.6,6.0,3.2,2.2,0.7,2.4,3.3,9.8,,bembrde01
268,Patrick McCaw,24,TOR,SF,37,12,908,2.7,6.4,.414,0.9,2.8,.324,1.7,3.6,.484,.485,0.5,0.7,.722,0.8,2.7,3.4,3.1,1.5,0.2,1.1,2.4,6.7,,mccawpa01
269,Michael Porter Jr.,21,DEN,SF,55,8,903,7.8,15.3,.509,2.5,5.9,.422,5.3,9.4,.564,.590,2.4,2.9,.833,2.6,7.7,10.3,1.8,1.1,1.0,2.0,4.0,20.4,,portemi01
270,Cody Martin,24,CHO,SF,48,3,903,3.5,8.3,.430,0.7,3.1,.234,2.8,5.2,.546,.473,1.7,2.6,.646,1.5,4.8,6.3,3.8,1.6,0.4,1.8,3.1,9.5,,martico01
271,Hamidou Diallo,21,OKC,SF,46,3,896,5.3,11.9,.446,0.6,2.3,.281,4.7,9.6,.485,.473,1.5,2.5,.603,1.8,4.9,6.7,1.4,1.5,0.4,2.0,4.1,12.8,,diallha01
272,Damian Jones,24,ATL,C,55,27,887,4.9,7.2,.680,0.1,0.4,.222,4.8,6.9,.704,.685,2.5,3.4,.738,3.0,5.4,8.4,1.4,1.1,1.6,1.1,6.0,12.4,,jonesda03
273,Omari Spellman,22,GSW,C,49,3,886,5.2,12.0,.431,1.7,4.5,.391,3.4,7.5,.454,.503,3.0,3.7,.793,3.1,5.8,8.9,1.9,1.3,1.0,2.2,2.6,15.0,,spellom01
274,Marco Belinelli,33,SAS,SG,57,0,883,5.0,12.8,.392,2.7,7.3,.376,2.3,5.5,.412,.498,2.0,2.4,.828,0.3,3.8,4.0,2.8,0.5,0.0,0.8,1.8,14.7,,belinma01
275,Mo Bamba,21,ORL,C,62,0,878,5.4,11.7,.462,1.5,4.4,.346,3.9,7.3,.531,.526,1.3,1.9,.674,4.1,8.3,12.4,1.7,0.9,3.5,1.7,4.8,13.6,,bambamo01
276,Vince Carter,43,ATL,PF,60,0,876,4.4,12.5,.352,2.5,8.3,.302,1.9,4.2,.451,.452,0.9,1.2,.793,0.7,4.4,5.1,2.0,0.9,1.0,1.4,3.7,12.2,,cartevi01
277,Anthony Tolliver,34,3TM,PF,55,13,872,2.7,7.5,.357,2.0,6.0,.338,0.7,1.5,.432,.492,0.9,1.2,.724,1.4,5.0,6.4,1.7,0.8,0.5,1.4,3.1,8.3,,tollian01
277,Anthony Tolliver,34,POR,PF,33,9,554,2.8,7.6,.368,1.9,5.8,.337,0.8,1.8,.464,.496,0.8,1.2,.684,1.8,5.4,7.1,1.9,0.5,0.6,1.4,3.5,8.4,,tollian01
277,Anthony Tolliver,34,SAC,PF,9,0,82,1.3,7.5,.176,0.9,6.6,.133,0.4,0.9,.500,.235,0.4,0.9,.500,0.9,4.0,4.8,1.3,1.8,0.4,1.8,2.6,4.0,,tollian01
277,Anthony Tolliver,34,MEM,PF,13,4,236,2.9,7.3,.396,2.6,6.3,.415,0.3,1.1,.286,.573,1.1,1.2,.875,0.8,4.3,5.0,1.5,1.1,0.2,1.4,2.1,9.5,,tollian01
278,Rodney McGruder,28,LAC,SG,56,4,871,3.0,7.5,.398,1.0,3.7,.270,2.0,3.8,.522,.464,0.8,1.4,.559,1.2,5.0,6.2,1.5,1.1,0.3,1.0,3.1,7.7,,mcgruro01
279,Mario Hezonja,24,POR,PF,53,4,871,3.8,9.0,.422,1.0,3.2,.308,2.8,5.8,.486,.477,2.0,2.4,.814,1.2,6.4,7.6,2.1,1.5,0.4,1.7,4.4,10.6,,hezonma01
280,Abdel Nader,26,OKC,SF,55,6,867,5.1,10.9,.468,2.0,5.3,.375,3.1,5.6,.556,.559,2.1,2.7,.773,0.6,3.6,4.2,1.6,1.0,0.8,1.8,3.2,14.3,,naderab01
281,Timothé Luwawu-Cabarrot,24,BRK,SF,47,2,853,4.9,11.4,.435,2.6,6.8,.388,2.3,4.6,.505,.550,2.9,3.4,.852,1.2,4.1,5.4,1.2,0.8,0.3,1.6,4.5,15.4,,luwawti01
282,Emmanuel Mudiay,23,UTA,PG,54,2,850,6.4,13.8,.462,1.3,3.7,.345,5.1,10.2,.504,.508,2.7,3.5,.759,0.8,4.6,5.3,4.9,1.0,0.4,3.2,3.0,16.7,,mudiaem01
283,Damyean Dotson,25,NYK,SG,48,0,836,5.2,12.5,.414,2.5,7.0,.362,2.6,5.5,.480,.516,0.9,1.4,.667,0.4,3.5,3.9,2.5,1.0,0.2,0.9,1.9,13.8,,dotsoda01
284,Moritz Wagner,22,WAS,C,45,5,835,6.3,11.5,.545,1.1,3.4,.313,5.2,8.0,.645,.592,3.4,4.1,.821,2.4,7.0,9.4,2.4,1.2,0.8,2.8,6.6,16.9,,wagnemo01
285,Michael Carter-Williams,28,ORL,SG,45,0,833,4.8,11.2,.427,1.0,3.2,.293,3.8,8.0,.481,.469,3.4,4.1,.832,2.0,4.4,6.4,4.7,2.1,1.0,2.2,3.8,14.0,,cartemi01
286,Juancho Hernangómez,24,2TM,PF,48,14,833,4.3,10.7,.405,1.9,5.6,.341,2.4,5.1,.475,.494,1.9,3.1,.620,1.9,6.7,8.5,1.7,0.8,0.4,1.4,2.8,12.4,,hernaju01
286,Juancho Hernangómez,24,DEN,PF,34,0,422,3.2,9.4,.345,1.3,5.1,.250,2.0,4.3,.460,.414,1.4,2.1,.640,2.0,6.1,8.1,1.9,0.4,0.4,1.5,2.5,9.1,,hernaju01
286,Juancho Hernangómez,24,MIN,PF,14,14,411,5.4,12.0,.453,2.5,6.0,.420,2.9,6.0,.485,.558,2.5,4.0,.609,1.7,7.3,8.9,1.6,1.2,0.4,1.2,3.1,15.9,,hernaju01
287,Kenrich Williams,25,NOP,PF,39,18,832,2.2,6.4,.347,1.1,4.2,.258,1.1,2.2,.520,.432,0.4,1.1,.346,2.2,5.8,8.0,2.5,1.2,0.9,1.0,3.8,5.9,,willike04
288,Matthew Dellavedova,29,CLE,PG,57,4,821,2.7,7.7,.354,0.9,4.0,.231,1.8,3.7,.488,.414,1.4,1.6,.865,0.8,2.5,3.3,7.9,0.9,0.1,2.6,3.4,7.8,,dellama01
289,Luguentz Dort,20,OKC,SF,36,28,820,3.8,9.6,.394,1.3,4.4,.297,2.5,5.1,.479,.463,1.8,2.3,.792,1.1,2.5,3.6,1.2,1.4,0.2,1.0,4.3,10.7,,dortlu01
290,Chris Boucher,27,TOR,C,62,0,819,6.2,13.1,.472,1.7,5.2,.322,4.5,8.0,.569,.535,4.0,5.1,.784,4.7,7.5,12.2,1.1,1.0,2.7,1.2,5.0,18.1,,bouchch01
291,Ian Mahinmi,33,WAS,C,38,35,808,4.6,9.4,.495,0.2,1.2,.192,4.4,8.2,.538,.507,3.1,5.0,.619,3.5,6.2,9.7,2.2,1.4,2.0,2.0,5.1,12.6,,mahinia01
292,Shake Milton,23,PHI,SG,40,24,805,6.0,12.4,.484,2.6,6.0,.430,3.4,6.4,.535,.588,2.3,2.9,.785,0.7,3.3,3.9,4.7,0.9,0.3,2.1,4.1,16.9,,miltosh01
293,Frank Jackson,21,NOP,PG,59,2,797,6.1,15.0,.405,2.1,6.5,.326,3.9,8.4,.465,.476,2.5,3.4,.747,1.0,2.8,3.7,2.8,0.8,0.2,2.2,3.5,16.8,,jacksfr01
294,Jordan McRae,28,3TM,SG,37,4,784,6.8,16.8,.407,2.1,5.8,.357,4.8,11.0,.433,.469,3.8,5.0,.761,0.8,4.9,5.7,4.3,1.0,0.7,2.0,3.4,19.6,,mcraejo01
294,Jordan McRae,28,WAS,SG,29,4,654,7.3,17.4,.420,2.2,5.8,.377,5.1,11.6,.441,.483,3.5,4.6,.771,0.9,4.8,5.7,4.5,1.0,0.8,2.1,3.4,20.4,,mcraejo01
294,Jordan McRae,28,DEN,SG,4,0,32,2.3,6.8,.333,2.3,4.5,.500,0.0,2.3,.000,.500,3.4,4.5,.750,1.1,4.5,5.6,4.5,2.3,1.1,0.0,2.3,10.1,,mcraejo01
294,Jordan McRae,28,DET,SG,4,0,98,5.1,15.8,.326,1.1,5.9,.188,4.0,9.9,.407,.360,5.9,8.1,.727,0.0,5.5,5.5,2.6,0.0,0.0,1.8,3.7,17.3,,mcraejo01
295,Frank Kaminsky,26,PHO,C,39,13,777,6.4,14.2,.450,1.9,5.7,.331,4.5,8.5,.530,.516,2.8,4.2,.678,1.6,6.5,8.2,3.5,0.6,0.5,1.7,3.5,17.5,,kaminfr01
296,Thon Maker,22,DET,C,60,14,776,4.3,9.0,.482,1.0,3.0,.344,3.3,6.0,.550,.539,3.4,5.1,.664,2.5,5.2,7.7,2.0,1.2,1.8,2.1,4.7,13.0,,makerth01
297,Patrick Patterson,30,LAC,PF,59,18,776,4.4,10.8,.408,3.1,8.0,.390,1.3,2.8,.459,.552,1.6,2.0,.814,1.6,5.4,7.0,1.9,0.3,0.1,1.0,2.5,13.5,,pattepa01
298,Dewayne Dedmon,30,2TM,C,44,18,774,4.7,11.9,.400,1.0,5.0,.206,3.7,6.9,.541,.443,1.4,1.7,.833,2.8,8.8,11.6,1.0,1.2,1.9,2.7,6.2,11.9,,dedmode01
298,Dewayne Dedmon,30,SAC,C,34,10,541,4.6,11.4,.404,0.9,4.7,.197,3.7,6.7,.550,.444,1.5,1.9,.821,3.1,8.1,11.1,1.0,1.0,1.7,3.1,6.2,11.6,,dedmode01
298,Dewayne Dedmon,30,ATL,C,10,8,233,5.1,13.0,.393,1.2,5.6,.222,3.9,7.4,.521,.440,1.1,1.2,.875,2.2,10.5,12.7,1.1,1.5,2.3,1.5,6.2,12.5,,dedmode01
299,Sterling Brown,24,MIL,SF,52,1,767,4.5,12.0,.371,2.1,6.4,.324,2.4,5.6,.425,.457,1.5,1.9,.800,1.5,7.1,8.6,2.4,1.4,0.3,2.0,2.5,12.5,,brownst02
300,Sekou Doumbouya,19,DET,PF,38,19,754,4.4,11.3,.390,1.3,4.7,.286,3.1,6.6,.464,.449,1.5,2.2,.674,1.0,4.7,5.6,0.9,1.0,0.4,1.7,3.8,11.6,,doumbse01
301,Keita Bates-Diop,24,2TM,SF,44,0,744,4.8,11.3,.427,1.6,5.0,.330,3.2,6.3,.504,.500,2.6,3.6,.720,1.2,4.9,6.1,1.5,0.9,1.2,0.8,2.1,13.9,,bateske01
301,Keita Bates-Diop,24,MIN,PF,37,0,646,4.8,11.5,.422,1.7,5.2,.330,3.1,6.2,.500,.498,2.6,3.6,.708,1.2,5.0,6.1,1.7,0.9,1.1,0.8,2.0,14.0,,bateske01
301,Keita Bates-Diop,24,DEN,SF,7,0,98,4.8,10.3,.464,1.1,3.3,.333,3.7,7.0,.526,.518,2.9,3.7,.800,1.5,4.8,6.2,0.0,0.7,1.5,1.1,2.6,13.6,,bateske01
302,Reggie Jackson,29,2TM,PG,31,16,743,6.5,15.8,.411,2.8,7.0,.393,3.7,8.8,.425,.498,2.2,2.6,.833,0.8,3.6,4.5,6.1,0.6,0.2,2.5,2.9,17.9,,jacksre01
302,Reggie Jackson,29,DET,PG,14,10,381,7.2,18.7,.384,2.9,7.7,.378,4.3,11.0,.388,.462,2.5,3.1,.788,1.0,2.8,3.9,6.8,0.8,0.1,2.2,2.0,19.7,,jacksre01
302,Reggie Jackson,29,LAC,PG,17,6,362,5.8,12.7,.453,2.6,6.3,.413,3.2,6.5,.492,.555,1.9,2.1,.905,0.6,4.5,5.1,5.4,0.5,0.4,2.8,3.8,16.0,,jacksre01
303,Wilson Chandler,32,BRK,PF,35,3,734,3.6,9.0,.404,1.8,5.9,.306,1.8,3.0,.597,.505,1.0,1.1,.870,0.5,6.6,7.1,1.9,0.8,0.6,1.7,3.9,10.1,,chandwi01
304,Elie Okobo,22,PHO,PG,55,3,719,3.6,9.1,.398,1.3,3.6,.352,2.4,5.5,.427,.467,2.5,3.6,.704,0.8,3.7,4.5,5.8,1.2,0.2,1.9,2.7,11.0,,okoboel01
305,Grayson Allen,24,MEM,SG,38,0,718,5.9,12.6,.466,2.9,7.1,.404,3.0,5.5,.545,.580,2.0,2.3,.867,0.4,3.9,4.3,2.6,0.5,0.1,1.7,2.7,16.5,,allengr01
306,Bruno Fernando,21,ATL,C,56,13,713,5.2,10.0,.518,0.3,1.9,.135,4.9,8.2,.605,.530,1.5,2.6,.569,3.4,6.6,10.0,2.5,0.9,0.9,2.1,5.4,12.1,,fernabr01
307,Tyler Johnson,27,2TM,SG,39,7,709,4.9,12.7,.388,1.9,6.0,.319,3.0,6.7,.450,.464,2.1,2.5,.840,0.9,2.9,3.9,3.8,0.8,0.5,1.5,2.9,13.9,,johnsty01
307,Tyler Johnson,27,PHO,PG,31,3,515,4.5,12.0,.380,1.7,5.8,.289,2.9,6.2,.466,.450,1.7,2.2,.750,0.7,2.9,3.6,3.5,0.8,0.6,1.7,3.0,12.4,,johnsty01
307,Tyler Johnson,27,BRK,SG,8,4,194,5.9,14.7,.405,2.6,6.7,.389,3.3,8.0,.419,.494,3.3,3.3,1.000,1.5,3.0,4.5,4.5,0.7,0.2,0.9,2.8,17.8,,johnsty01
308,Dwayne Bacon,24,CHO,SG,39,11,687,4.5,12.8,.348,1.0,3.5,.284,3.5,9.3,.373,.387,1.8,2.8,.660,0.8,4.5,5.2,2.7,1.2,0.1,1.9,2.7,11.7,,bacondw01
309,Rodions Kurucs,21,BRK,PF,47,9,684,4.2,9.3,.446,1.7,4.7,.367,2.4,4.6,.529,.540,1.3,2.0,.632,1.3,5.9,7.2,2.7,1.3,0.3,2.4,4.7,11.3,,kurucro01
310,Reggie Bullock,28,NYK,SG,29,19,684,4.7,11.8,.402,1.9,5.8,.333,2.8,5.9,.469,.484,0.9,1.1,.810,0.7,2.9,3.6,2.2,1.3,0.2,1.0,2.9,12.3,,bullore01
311,Raul Neto,27,PHI,PG,54,3,668,5.4,12.0,.455,1.8,4.7,.386,3.6,7.2,.500,.532,2.1,2.5,.830,0.6,2.7,3.3,5.1,1.3,0.3,2.5,2.7,14.8,,netora01
312,Zion Williamson,19,NOP,PF,24,24,668,11.3,19.4,.583,0.3,0.8,.429,11.0,18.6,.590,.592,6.1,9.6,.640,3.4,4.6,8.1,2.7,0.9,0.5,3.2,2.3,29.1,ROY-3,willizi01
313,Harry Giles,21,SAC,C,46,17,667,7.5,13.5,.554,0.0,0.1,.000,7.5,13.4,.558,.554,2.1,2.6,.776,2.3,7.8,10.1,3.2,1.2,1.0,2.4,6.4,17.1,,gilesha01
314,Tony Bradley,22,UTA,C,58,3,663,6.8,10.3,.667,0.2,0.2,1.000,6.7,10.1,.661,.675,1.6,2.5,.652,6.0,8.5,14.5,1.2,0.8,1.8,1.6,6.2,15.5,,bradlto01
315,Kyrie Irving,27,BRK,PG,20,20,658,10.9,22.8,.478,3.1,7.8,.394,7.8,15.0,.522,.546,5.1,5.6,.922,1.2,4.4,5.6,7.0,1.5,0.5,2.8,2.9,30.0,,irvinky01
316,Allen Crabbe,27,2TM,SF,37,1,653,3.5,9.8,.356,2.0,6.6,.303,1.5,3.2,.466,.458,0.6,0.8,.714,0.6,3.6,4.2,1.8,0.8,0.2,0.9,2.6,9.5,,crabbal01
316,Allen Crabbe,27,ATL,SG,28,1,522,3.6,9.9,.364,2.1,6.4,.323,1.5,3.4,.440,.469,0.6,0.8,.750,0.7,3.8,4.5,1.9,1.0,0.3,0.8,2.5,9.9,,crabbal01
316,Allen Crabbe,27,MIN,SF,9,0,131,3.0,9.3,.324,1.6,7.1,.231,1.4,2.2,.625,.412,0.3,0.5,.500,0.3,3.0,3.3,1.4,0.0,0.0,1.4,3.0,8.0,,crabbal01
317,Rodney Hood,27,POR,SF,21,21,619,5.1,10.0,.506,2.0,4.1,.493,3.0,5.9,.515,.608,1.2,1.6,.778,0.6,3.6,4.2,1.9,1.0,0.2,1.1,2.7,13.4,,hoodro01
318,James Johnson,32,2TM,PF,32,1,619,6.0,12.5,.479,1.9,5.3,.363,4.1,7.2,.565,.556,1.8,2.8,.646,1.5,5.4,6.9,4.3,1.5,1.9,2.8,4.7,15.7,,johnsja01
318,James Johnson,32,MIA,PF,18,0,281,5.0,11.1,.448,2.0,5.8,.356,2.9,5.4,.548,.540,1.0,1.8,.571,1.0,5.6,6.7,2.7,0.8,1.7,1.9,4.4,13.1,,johnsja01
318,James Johnson,32,MIN,C,14,1,338,6.8,13.6,.500,1.8,4.9,.370,5.0,8.7,.573,.566,2.4,3.6,.676,1.8,5.2,7.0,5.6,2.0,2.0,3.5,4.9,17.9,,johnsja01
319,Daniel Gafford,21,CHI,C,43,7,609,5.6,7.9,.701,0.0,0.0,,5.6,7.9,.701,.701,1.9,3.5,.533,3.1,3.2,6.3,1.2,0.8,3.3,1.7,5.8,13.0,,gaffoda01
320,John Henson,29,2TM,C,40,8,600,5.7,10.3,.556,0.5,2.2,.222,5.2,8.1,.644,.579,1.4,2.8,.500,2.8,7.0,9.7,3.2,1.4,2.5,2.2,4.7,13.3,,hensojo01
320,John Henson,29,CLE,C,29,2,412,5.3,10.5,.508,0.5,2.7,.194,4.8,7.8,.618,.533,1.5,2.9,.515,2.8,7.2,10.0,3.8,1.4,2.8,1.8,4.8,12.7,,hensojo01
320,John Henson,29,DET,C,11,6,188,6.5,9.8,.667,0.4,1.0,.400,6.1,8.8,.696,.686,1.1,2.5,.462,2.7,6.5,9.2,2.1,1.5,1.9,2.9,4.4,14.6,,hensojo01
321,Alfonzo McKinnie,27,CLE,SF,40,1,593,4.4,10.4,.427,0.8,3.9,.215,3.6,6.4,.557,.468,1.3,1.9,.710,2.2,4.6,6.9,0.8,1.4,0.5,1.6,4.4,11.0,,mckinal01
322,Nickeil Alexander-Walker,21,NOP,SG,47,1,591,6.0,16.2,.368,2.8,8.1,.346,3.2,8.1,.391,.455,1.5,2.3,.676,0.5,4.6,5.1,5.4,1.0,0.5,3.3,3.5,16.3,,alexani01
323,Jordan McLaughlin,23,MIN,PG,30,2,590,5.3,10.9,.489,1.8,4.6,.382,3.5,6.2,.569,.570,1.6,2.4,.667,0.4,2.6,3.0,7.6,2.1,0.2,1.9,1.9,14.0,,mclaujo01
324,Nassir Little,19,POR,PF,48,5,573,4.1,9.5,.430,0.9,3.7,.237,3.2,5.8,.554,.477,1.8,2.8,.636,1.9,4.8,6.8,1.4,0.8,0.9,0.9,4.5,10.8,,littlna01
325,Mike Muscala,28,OKC,C,47,2,572,4.8,11.9,.407,3.4,9.0,.378,1.4,2.9,.500,.550,1.1,1.4,.818,1.0,5.8,6.8,2.5,0.6,0.8,1.1,3.7,14.2,,muscami01
326,Skal Labissière,23,POR,C,33,1,567,5.1,9.3,.551,0.2,0.8,.231,5.0,8.5,.582,.561,1.6,2.1,.758,4.1,6.6,10.7,2.7,0.4,2.0,1.9,5.7,12.1,,labissk01
327,Gary Clark,25,2TM,PF,42,5,567,3.4,8.4,.406,2.5,7.0,.351,1.0,1.4,.682,.553,0.6,0.6,.900,2.3,4.6,7.0,1.1,0.4,1.4,0.6,2.9,9.9,,clarkga01
327,Gary Clark,25,HOU,PF,18,0,212,3.9,10.0,.390,3.1,8.7,.353,0.8,1.4,.625,.542,1.0,1.2,.857,1.9,4.9,6.8,2.0,0.3,1.2,0.3,3.6,11.9,,clarkga01
327,Gary Clark,25,ORL,SF,24,5,355,3.1,7.5,.419,2.1,6.1,.350,1.0,1.4,.714,.561,0.3,0.3,1.000,2.6,4.5,7.1,0.5,0.4,1.5,0.8,2.5,8.7,,clarkga01
328,Luke Kornet,24,CHI,C,36,14,559,5.3,12.0,.439,2.0,7.0,.287,3.3,5.1,.646,.521,1.3,1.8,.714,1.4,4.0,5.4,2.1,0.7,1.7,0.9,3.5,13.8,,kornelu01
329,Wayne Ellington,32,NYK,SG,36,1,558,3.9,11.2,.351,3.2,9.2,.350,0.7,2.0,.355,.494,0.7,0.8,.846,0.3,3.9,4.2,2.8,0.8,0.3,1.2,2.6,11.8,,ellinwa01
330,Dennis Smith Jr.,22,NYK,PG,34,3,537,4.8,14.1,.341,1.1,3.6,.296,3.8,10.5,.357,.379,1.8,3.6,.509,1.4,3.8,5.2,6.6,1.9,0.5,3.9,4.4,12.5,,smithde03
331,Troy Daniels,28,2TM,SG,47,0,532,4.9,12.6,.387,3.1,8.9,.348,1.8,3.7,.481,.511,0.7,1.1,.625,0.8,2.7,3.5,1.2,0.7,0.2,0.8,2.5,13.5,,danietr01
331,Troy Daniels,28,LAL,SG,41,0,456,4.9,12.5,.392,3.2,8.8,.357,1.7,3.6,.478,.519,0.8,1.3,.625,0.9,2.7,3.6,1.1,0.6,0.2,0.7,2.4,13.7,,danietr01
331,Troy Daniels,28,DEN,SG,6,0,76,4.7,13.3,.357,2.8,9.5,.300,1.9,3.8,.500,.464,0.0,0.0,,0.0,2.8,2.8,1.4,1.4,0.0,1.4,3.3,12.3,,danietr01
332,Yogi Ferrell,26,SAC,PG,50,0,530,5.4,12.8,.420,1.6,5.4,.304,3.7,7.4,.505,.484,2.4,2.9,.857,0.4,2.9,3.3,4.7,1.2,0.3,1.9,2.6,14.8,,ferreyo01
333,Victor Oladipo,27,IND,SG,19,16,528,6.6,16.8,.394,2.3,7.1,.317,4.4,9.7,.451,.461,3.3,4.0,.814,0.6,4.5,5.1,3.8,1.2,0.3,3.2,2.5,18.7,,oladivi01
334,Chandler Hutchison,23,CHI,SF,28,10,527,5.5,12.0,.457,0.8,2.6,.316,4.6,9.4,.496,.491,3.1,5.3,.590,1.2,6.1,7.4,1.8,1.8,0.5,1.8,3.2,14.9,,hutchch01
335,Trey Burke,27,2TM,PG,33,1,520,6.5,14.5,.450,2.2,5.2,.427,4.3,9.3,.463,.526,1.6,2.0,.793,1.1,2.4,3.5,5.7,1.1,0.1,1.5,2.3,16.8,,burketr01
335,Trey Burke,27,PHI,PG,25,0,329,6.5,13.9,.465,1.8,4.2,.421,4.7,9.7,.483,.528,1.4,2.0,.722,1.6,2.2,3.8,5.8,0.8,0.1,1.3,2.3,16.1,,burketr01
335,Trey Burke,27,DAL,PG,8,1,191,6.6,15.5,.427,3.0,7.0,.432,3.6,8.5,.422,.524,1.9,2.1,.909,0.2,2.6,2.8,5.7,1.7,0.2,1.7,2.3,18.1,,burketr01
336,Blake Griffin,30,DET,PF,18,18,512,6.2,17.6,.352,1.9,7.8,.243,4.3,9.8,.439,.406,5.3,6.9,.776,1.2,4.7,5.9,4.1,0.5,0.5,2.8,1.9,19.6,,griffbl01
337,Quinn Cook,26,LAL,PG,44,1,508,6.4,15.2,.425,2.2,6.0,.365,4.3,9.1,.465,.498,0.8,1.0,.786,0.8,2.8,3.6,3.5,0.9,0.1,2.3,1.9,15.9,,cookqu01
338,Jake Layman,25,MIN,SF,23,2,505,5.8,12.8,.453,1.7,5.1,.333,4.1,7.6,.533,.520,1.7,2.3,.750,1.2,2.9,4.1,1.1,1.2,0.7,1.7,3.4,15.0,,laymaja01
339,Nicolas Batum,31,CHO,SF,22,3,505,2.0,5.8,.346,1.0,3.5,.286,1.0,2.3,.438,.432,0.6,0.7,.900,1.8,5.3,7.1,4.7,1.2,0.6,1.6,2.9,5.6,,batumni01
340,Kelan Martin,24,MIN,SF,31,4,495,5.2,13.2,.392,1.8,7.0,.260,3.3,6.2,.541,.461,2.2,2.3,.968,0.9,6.1,7.0,1.7,0.5,0.7,1.5,3.7,14.3,,martike03
341,Naz Reid,20,MIN,C,30,11,495,7.3,17.7,.412,2.3,7.1,.330,4.9,10.6,.466,.477,2.7,3.9,.698,2.5,6.5,9.0,2.5,1.4,1.6,1.6,6.0,19.6,,reidna01
342,Denzel Valentine,26,CHI,SF,36,5,488,7.2,17.5,.409,3.4,10.1,.336,3.8,7.4,.510,.506,0.4,0.6,.750,0.7,4.8,5.5,3.2,1.9,0.4,1.9,3.8,18.1,,valende01
343,Džanan Musa,20,BRK,SF,40,0,487,4.7,12.7,.372,1.4,5.8,.244,3.3,6.9,.479,.427,3.3,4.4,.750,1.6,4.8,6.4,3.2,1.1,0.1,2.7,2.2,14.2,,musadz01
344,Dante Exum,24,2TM,SG,35,1,485,4.2,8.8,.471,1.1,3.2,.349,3.0,5.6,.539,.534,2.4,3.2,.744,0.9,4.1,5.0,3.0,1.0,0.6,2.3,2.8,11.8,,exumda01
344,Dante Exum,24,UTA,SG,11,0,83,4.3,10.0,.435,0.9,2.6,.333,3.5,7.4,.471,.478,0.9,0.9,1.000,1.3,3.9,5.2,3.0,0.4,0.9,4.3,3.5,10.4,,exumda01
344,Dante Exum,24,CLE,SG,24,1,402,4.1,8.6,.479,1.2,3.3,.351,3.0,5.3,.559,.547,2.7,3.7,.732,0.8,4.1,4.9,3.0,1.1,0.5,1.9,2.7,12.1,,exumda01
345,Marko Gudurić,24,MEM,SG,44,0,484,4.6,11.7,.395,1.9,6.2,.301,2.8,5.5,.500,.475,1.8,1.9,.923,1.0,4.4,5.4,3.3,0.9,0.6,2.7,2.5,12.9,,gudurma01
346,Shaquille Harrison,26,CHI,SG,43,10,484,5.7,12.3,.467,1.2,3.1,.381,4.5,9.1,.496,.515,2.9,3.7,.780,1.6,4.8,6.4,3.6,2.5,1.4,1.4,4.1,15.5,,harrish01
347,Cheick Diallo,23,PHO,C,47,2,479,6.9,10.7,.648,0.1,0.2,.333,6.8,10.4,.655,.651,2.6,2.9,.872,2.3,7.6,9.8,1.7,0.8,0.9,2.4,4.1,16.5,,diallch01
348,Goga Bitadze,20,IND,C,54,2,471,5.4,11.5,.467,0.6,3.2,.190,4.7,8.3,.574,.493,1.8,2.5,.727,1.9,6.2,8.1,1.8,0.8,2.8,2.1,5.0,13.1,,bitadgo01
349,JaKarr Sampson,26,IND,PF,34,12,471,5.2,8.8,.591,0.2,1.0,.154,5.0,7.8,.647,.600,1.4,2.1,.667,1.5,5.2,6.7,1.6,1.2,0.9,1.1,4.9,11.9,,sampsja02
350,Javonte Green,26,BOS,SG,48,2,468,4.8,9.7,.500,0.7,2.5,.273,4.2,7.2,.581,.536,2.2,3.2,.667,1.8,5.3,7.2,2.0,1.8,0.6,1.8,3.3,12.5,,greenja02
351,Jahlil Okafor,24,NOP,C,30,9,467,7.8,12.5,.623,0.1,0.2,.333,7.7,12.3,.629,.627,3.1,4.8,.645,3.7,6.1,9.8,2.9,0.5,1.7,2.9,5.2,18.7,,okafoja01
352,Brandon Knight,28,2TM,SG,25,3,462,4.6,13.0,.353,3.5,10.2,.344,1.1,2.8,.389,.488,1.6,2.6,.588,0.3,2.9,3.2,5.4,0.8,0.2,3.0,3.1,14.3,,knighbr03
352,Brandon Knight,28,CLE,SG,16,0,241,4.2,12.8,.326,2.8,9.6,.297,1.3,3.3,.409,.436,0.6,1.9,.308,0.4,2.5,3.0,4.6,0.7,0.3,2.4,3.0,11.8,,knighbr03
352,Brandon Knight,28,DET,PG,9,3,221,5.0,13.2,.383,4.2,10.9,.388,0.8,2.3,.357,.543,2.6,3.4,.762,0.2,3.3,3.4,6.2,0.8,0.2,3.6,3.3,16.9,,knighbr03
353,J.J. Barea,35,DAL,PG,29,6,450,6.8,16.6,.411,2.6,6.8,.376,4.2,9.8,.434,.488,1.6,1.8,.909,0.8,3.4,4.2,9.0,0.4,0.2,3.0,2.2,17.8,,bareajo01
354,Edmond Sumner,24,IND,SG,31,3,447,4.9,11.4,.430,1.1,4.3,.264,3.8,7.2,.528,.479,1.3,2.3,.552,0.9,2.8,3.7,4.4,1.2,0.7,1.8,3.5,12.2,,sumneed01
355,Matt Thomas,25,TOR,SG,41,1,440,6.0,12.3,.487,3.8,8.1,.475,2.1,4.2,.510,.643,0.7,1.0,.750,0.7,4.3,5.0,1.8,0.8,0.1,1.3,3.1,16.5,,thomama02
356,Anžejs Pasečņiks,24,WAS,C,27,0,437,5.0,9.6,.526,0.0,0.2,.000,5.0,9.3,.540,.526,2.8,4.8,.586,3.5,5.4,8.8,1.5,0.7,1.0,2.0,6.2,12.9,,pasecan01
357,Thabo Sefolosha,35,HOU,PF,41,0,436,3.1,7.5,.407,1.2,4.5,.278,1.8,3.1,.595,.489,0.2,0.7,.375,1.7,5.9,7.7,2.1,2.0,1.0,1.2,3.6,7.6,,sefolth01
358,Gary Payton II,27,WAS,SF,29,17,432,4.0,9.7,.414,1.1,3.8,.283,2.9,5.8,.500,.470,0.3,0.7,.500,2.2,4.5,6.7,4.0,2.7,0.6,1.7,4.5,9.4,,paytoga02
359,Brandon Goodwin,24,ATL,PG,34,1,430,6.4,15.9,.400,2.2,7.3,.299,4.2,8.6,.485,.468,2.3,2.5,.933,0.9,5.1,6.0,4.3,1.0,0.3,2.4,3.6,17.2,,goodwbr01
360,Boban Marjanović,31,DAL,C,44,5,422,10.3,18.0,.573,0.3,1.5,.235,10.0,16.5,.603,.583,3.7,4.9,.754,5.6,11.2,16.8,1.7,0.7,0.9,2.6,4.8,24.7,,marjabo01
361,Andre Iguodala,36,MIA,SF,21,0,418,3.3,7.6,.432,1.2,4.0,.298,2.1,3.5,.585,.511,0.5,1.3,.400,1.5,5.3,6.7,4.4,1.2,1.8,2.2,3.0,8.3,,iguodan01
362,Jacob Evans,22,2TM,SG,29,1,418,3.9,11.5,.336,1.1,3.4,.333,2.8,8.2,.337,.384,2.2,2.5,.862,0.8,2.8,3.5,2.7,0.9,1.0,2.2,3.5,11.0,,evansja02
362,Jacob Evans,22,GSW,SG,27,1,414,3.9,11.6,.338,1.1,3.3,.342,2.8,8.3,.337,.387,2.2,2.5,.862,0.8,2.8,3.6,2.7,1.0,1.0,2.2,3.6,11.1,,evansja02
362,Jacob Evans,22,MIN,SG,2,0,4,0.0,9.0,.000,0.0,9.0,.000,0.0,0.0,,.000,0.0,0.0,,0.0,0.0,0.0,0.0,0.0,0.0,0.0,0.0,0.0,,evansja02
363,PJ Dozier,23,DEN,SG,29,0,412,5.7,13.7,.414,1.5,4.3,.347,4.2,9.4,.444,.468,1.8,2.5,.724,0.9,3.9,4.8,5.5,1.2,0.5,2.4,3.9,14.7,,doziepj01
364,Chris Chiozza,24,2TM,PG,28,2,401,4.9,12.6,.393,2.4,6.5,.375,2.5,6.1,.412,.489,0.4,0.4,1.000,0.8,4.0,4.8,7.5,1.9,0.4,2.9,3.3,12.7,,chiozch01
364,Chris Chiozza,24,WAS,PG,10,0,123,2.9,10.0,.294,2.0,4.7,.438,0.9,5.3,.167,.397,0.0,0.0,,0.0,4.4,4.4,8.2,2.9,0.6,2.6,3.5,7.9,,chiozch01
364,Chris Chiozza,24,BRK,PG,18,2,278,5.8,13.7,.425,2.6,7.3,.357,3.2,6.5,.500,.519,0.6,0.6,1.000,1.2,3.8,4.9,7.1,1.4,0.3,3.0,3.2,14.9,,chiozch01
365,Robert Williams,22,BOS,C,29,1,388,5.9,8.2,.727,0.0,0.0,,5.9,8.2,.727,.727,2.0,3.2,.647,3.7,8.2,11.9,2.5,2.0,3.2,1.9,4.7,13.9,,williro04
366,Cristiano Felício,27,CHI,C,22,0,386,3.2,5.0,.630,0.0,0.2,.000,3.2,4.8,.654,.630,1.7,2.1,.783,5.1,4.4,9.5,1.5,0.9,0.2,1.7,3.2,8.0,,feliccr01
367,Josh Jackson,22,MEM,SF,22,0,381,6.6,15.0,.440,2.2,6.8,.319,4.4,8.2,.540,.513,3.3,4.7,.700,1.0,5.2,6.2,3.3,1.7,0.9,2.6,3.8,18.7,,jacksjo02
368,Al-Farouq Aminu,29,ORL,PF,18,2,380,2.4,8.1,.291,0.9,3.4,.250,1.5,4.7,.320,.343,1.8,2.7,.655,2.3,6.0,8.2,2.0,1.7,0.8,1.6,2.6,7.4,,aminual01
369,Noah Vonleh,24,2TM,C,36,1,377,5.0,8.8,.565,0.3,1.4,.200,4.7,7.4,.636,.582,2.4,3.1,.781,3.5,8.3,11.8,2.7,1.1,0.6,2.0,3.8,12.6,,vonleno01
369,Noah Vonleh,24,MIN,C,29,1,347,4.9,8.9,.547,0.2,1.5,.143,4.7,7.5,.625,.558,2.4,2.9,.821,3.5,8.5,12.0,2.7,1.1,0.6,2.0,3.7,12.3,,vonleno01
369,Noah Vonleh,24,DEN,C,7,0,30,6.0,7.2,.833,1.2,1.2,1.000,4.8,6.0,.800,.917,2.4,4.8,.500,3.6,6.0,9.6,2.4,0.0,0.0,2.4,4.8,15.6,,vonleno01
370,Willy Hernangómez,25,CHO,C,31,0,375,7.1,13.3,.532,0.5,2.1,.227,6.6,11.2,.590,.550,3.6,5.7,.627,4.1,8.7,12.9,2.8,1.0,0.7,2.9,3.1,18.2,,hernawi01
371,Romeo Langford,20,BOS,SG,32,2,370,2.7,7.8,.350,0.5,2.6,.185,2.2,5.2,.434,.381,1.8,2.4,.720,1.5,2.5,4.0,1.3,0.8,0.8,1.1,3.2,7.7,,langfro01
372,Admiral Schofield,22,WAS,PF,33,2,368,3.4,9.0,.380,1.9,6.0,.311,1.6,3.0,.516,.484,1.0,1.5,.667,0.7,3.9,4.6,1.5,0.8,0.4,0.7,4.9,9.7,,schofad01
373,Theo Pinson,24,BRK,SG,33,0,365,4.4,15.3,.290,1.5,7.9,.188,3.0,7.4,.400,.339,1.5,1.6,.938,1.0,4.3,5.3,5.5,1.7,0.4,3.3,3.5,11.8,,pinsoth01
374,Jared Dudley,34,LAL,PF,45,1,364,2.4,5.9,.400,1.8,4.2,.429,0.6,1.8,.333,.550,0.2,0.2,1.000,0.6,4.5,5.1,2.8,1.5,0.3,0.8,4.1,6.7,,dudleja01
375,D.J. Wilson,23,MIL,PF,37,1,363,5.2,13.1,.394,1.8,7.2,.247,3.4,5.9,.576,.462,1.1,1.8,.611,1.2,7.9,9.1,2.5,0.3,0.5,1.9,3.3,13.2,,wilsodj01
376,Terance Mann,23,LAC,SF,41,6,362,3.7,7.9,.468,0.7,2.0,.350,3.0,5.9,.508,.513,1.8,2.7,.667,1.0,4.5,5.5,5.3,1.1,0.5,1.8,4.6,9.8,,mannte01
377,Deonte Burton,26,OKC,SF,39,0,356,4.3,12.6,.344,1.0,5.4,.189,3.3,7.3,.458,.384,0.8,1.4,.571,0.7,5.1,5.8,1.7,0.7,1.0,1.9,3.4,10.5,,burtode02
378,Tim Frazier,29,DET,PG,27,11,355,3.4,9.5,.362,1.0,3.0,.333,2.4,6.5,.375,.415,1.9,2.4,.792,0.9,2.4,3.3,9.4,1.4,0.4,3.7,4.3,9.8,,fraziti01
379,Justise Winslow,23,MIA,SG,11,5,352,5.1,13.2,.388,0.6,2.8,.222,4.5,10.4,.431,.411,1.8,2.8,.667,1.6,5.8,7.5,4.5,0.7,0.5,2.5,3.9,12.7,,winslju01
380,Carsen Edwards,21,BOS,SG,37,0,351,4.3,13.1,.328,2.5,7.8,.316,1.8,5.3,.346,.422,1.3,1.9,.684,0.6,4.2,4.8,2.5,1.2,0.4,1.5,3.5,12.4,,edwarca01
381,Chris Silva,23,MIA,PF,44,0,346,5.0,8.1,.615,0.0,0.3,.000,5.0,7.8,.640,.615,3.8,5.7,.673,6.2,6.9,13.1,2.4,0.9,2.2,3.3,8.8,13.8,,silvach01
382,Courtney Lee,34,DAL,SG,24,9,345,4.2,8.6,.488,2.2,4.9,.447,2.0,3.7,.543,.616,0.6,0.7,.857,0.7,2.6,3.3,1.3,1.9,0.6,1.1,3.4,11.2,,leeco01
383,Marvin Bagley III,20,SAC,C,13,6,334,8.4,18.0,.467,0.4,2.4,.182,8.0,15.6,.510,.479,2.7,3.3,.806,3.1,7.3,10.5,1.1,0.6,1.3,1.9,4.6,19.9,,baglema01
384,Otto Porter Jr.,26,CHI,SF,14,9,331,6.7,15.2,.443,2.6,6.7,.387,4.1,8.5,.487,.529,2.1,2.9,.704,1.4,3.8,5.2,2.7,1.6,0.7,1.2,3.4,18.2,,porteot01
385,Ty Jerome,22,PHO,SG,31,0,328,4.2,12.4,.336,1.5,5.5,.280,2.6,6.9,.381,.398,1.3,1.8,.750,0.8,4.3,5.0,4.8,1.6,0.3,2.0,3.2,11.2,,jeromty01
386,Caleb Martin,24,CHO,SF,18,1,317,4.2,9.5,.440,2.3,4.2,.541,1.9,5.3,.362,.560,1.9,2.4,.810,1.1,3.2,4.3,2.6,1.4,0.8,1.7,3.6,12.6,,martica02
387,Kyle O'Quinn,29,PHI,C,29,2,313,4.8,9.8,.494,0.8,3.1,.259,4.0,6.7,.603,.535,1.3,2.3,.550,3.9,9.4,13.3,5.9,0.8,2.8,2.3,4.3,11.7,,oquinky01
388,Ed Davis,30,UTA,C,28,1,303,2.6,5.5,.478,0.0,0.0,,2.6,5.5,.478,.478,0.8,1.7,.500,4.2,8.3,12.5,1.4,1.3,1.1,1.5,7.2,6.1,,davised01
389,Keldon Johnson,20,SAS,SF,17,1,301,6.3,10.6,.596,1.6,2.6,.591,4.8,8.0,.597,.669,4.2,5.3,.795,1.2,5.6,6.8,1.8,1.7,0.2,1.6,3.3,18.4,,johnske04
390,Jalen McDaniels,22,CHO,SF,16,0,293,4.1,8.6,.471,1.1,2.9,.375,2.9,5.7,.522,.536,1.7,2.1,.824,1.8,6.1,8.0,1.6,1.0,0.4,1.4,4.4,10.9,,mcdanja01
391,Chris Clemons,22,HOU,SG,33,0,291,7.1,17.6,.401,4.6,13.2,.346,2.5,4.3,.571,.532,1.2,1.4,.909,0.5,3.2,3.7,3.3,1.1,0.7,2.4,3.2,19.9,,clemoch01
392,Allonzo Trier,24,NYK,SG,24,1,291,6.3,13.1,.481,2.4,6.6,.358,4.0,6.6,.604,.571,4.2,5.3,.791,0.7,2.8,3.6,3.5,0.4,0.5,2.7,3.6,19.2,,trieral01
393,Zach Collins,22,POR,PF,11,11,290,4.0,8.4,.471,0.9,2.4,.368,3.1,6.1,.510,.522,0.7,1.0,.750,3.1,5.5,8.6,2.0,0.6,0.6,1.7,4.5,9.6,,colliza01
394,DeMarre Carroll,33,2TM,C,24,0,290,3.1,8.2,.379,1.0,4.1,.242,2.1,4.1,.515,.439,3.6,5.2,.690,1.5,5.3,6.8,3.1,1.0,0.6,2.1,4.0,10.8,,carrode01
394,DeMarre Carroll,33,SAS,SF,15,0,135,2.4,7.7,.310,0.8,3.5,.231,1.6,4.3,.375,.362,3.2,5.3,.600,1.9,6.4,8.3,2.9,0.5,0.5,2.7,5.3,8.8,,carrode01
394,DeMarre Carroll,33,HOU,C,9,0,155,3.7,8.6,.432,1.2,4.6,.250,2.6,3.9,.647,.500,3.9,5.1,.773,1.2,4.4,5.6,3.3,1.4,0.7,1.6,2.8,12.5,,carrode01
395,Caleb Swanigan,22,2TM,PF,27,1,288,3.5,5.9,.596,0.0,0.2,.000,3.5,5.6,.622,.596,1.1,2.1,.529,3.4,9.1,12.5,3.9,0.4,0.9,4.6,7.7,8.1,,swanica01
395,Caleb Swanigan,22,SAC,C,7,0,23,3.1,6.3,.500,0.0,0.0,,3.1,6.3,.500,.500,1.6,3.1,.500,3.1,7.8,11.0,3.1,1.6,3.1,9.4,12.5,7.8,,swanica01
395,Caleb Swanigan,22,POR,PF,20,1,265,3.5,5.8,.605,0.0,0.3,.000,3.5,5.6,.634,.605,1.1,2.0,.533,3.4,9.2,12.6,3.9,0.3,0.7,4.2,7.3,8.2,,swanica01
396,Dragan Bender,22,2TM,C,16,3,286,5.2,11.6,.446,1.9,5.4,.349,3.3,6.2,.531,.527,1.3,1.8,.714,2.0,7.2,9.2,3.5,0.5,1.1,2.6,5.3,13.5,,bendedr01
396,Dragan Bender,22,MIL,C,7,0,91,4.0,8.3,.476,1.6,3.6,.444,2.4,4.7,.500,.571,0.8,1.2,.667,0.0,7.9,7.9,3.6,0.0,2.0,2.0,6.3,10.3,,bendedr01
396,Dragan Bender,22,GSW,PF,9,3,195,5.7,13.1,.437,2.0,6.3,.324,3.7,6.8,.541,.514,1.5,2.0,.727,3.0,6.8,9.8,3.5,0.7,0.7,3.0,4.8,15.0,,bendedr01
397,Michael Kidd-Gilchrist,26,2TM,PF,25,0,281,2.8,8.5,.333,0.6,2.6,.250,2.2,5.9,.370,.371,1.4,1.8,.786,1.8,6.8,8.6,1.8,0.3,0.8,2.0,4.7,7.7,,kiddgmi01
397,Michael Kidd-Gilchrist,26,CHO,PF,12,0,160,4.1,11.9,.340,1.1,3.8,.294,2.9,8.1,.361,.387,1.6,2.0,.778,2.0,5.9,7.9,2.3,0.0,0.7,1.6,4.1,10.8,,kiddgmi01
397,Michael Kidd-Gilchrist,26,DAL,PF,13,0,121,1.2,3.9,.308,0.0,0.9,.000,1.2,3.0,.400,.308,1.2,1.5,.800,1.5,8.0,9.5,1.2,0.6,0.9,2.7,5.7,3.6,,kiddgmi01
398,Drew Eubanks,22,SAS,C,22,3,272,5.7,8.9,.642,0.1,0.1,1.000,5.6,8.7,.636,.649,2.6,3.4,.769,3.7,7.5,11.3,2.0,0.7,2.3,2.8,4.9,14.2,,eubandr01
399,Juan Toscano-Anderson,26,GSW,SG,13,6,272,3.8,8.3,.460,1.1,3.0,.348,2.8,5.3,.525,.524,0.4,0.7,.600,1.2,5.7,6.9,3.4,1.7,0.7,2.1,4.0,9.1,,toscaju01
400,David Nwaba,27,BRK,SF,20,0,268,5.0,9.5,.521,1.6,3.8,.429,3.4,5.8,.581,.606,2.4,3.6,.667,1.1,5.0,6.0,1.1,1.5,1.6,1.1,4.3,14.0,,nwabada01
401,Isaiah Hartenstein,21,HOU,C,23,2,266,6.0,9.1,.657,0.0,0.7,.000,6.0,8.4,.710,.657,2.6,3.8,.679,3.9,8.3,12.2,2.4,1.2,1.6,2.2,5.5,14.5,,harteis01
402,Kevon Looney,23,GSW,C,20,4,262,4.0,10.9,.367,0.1,1.9,.071,3.8,8.9,.431,.373,1.2,1.6,.750,3.8,5.2,9.1,2.7,1.6,0.8,1.6,4.7,9.3,,looneke01
403,Jordan Bell,25,2TM,C,29,0,256,4.9,9.4,.522,0.6,1.7,.333,4.4,7.7,.564,.552,2.7,4.4,.613,4.2,7.2,11.4,2.3,0.4,1.4,3.0,2.7,13.1,,belljo01
403,Jordan Bell,25,MIN,C,27,0,235,4.9,9.2,.533,0.3,1.4,.222,4.6,7.8,.588,.550,2.6,4.4,.586,4.3,7.7,11.9,2.1,0.3,1.5,2.8,2.6,12.7,,belljo01
403,Jordan Bell,25,MEM,C,2,0,21,5.1,12.0,.429,3.4,5.1,.667,1.7,6.9,.250,.571,3.4,3.4,1.000,3.4,1.7,5.1,3.4,1.7,0.0,5.1,3.4,17.1,,belljo01
404,Jusuf Nurkić,25,POR,C,8,8,253,7.7,15.5,.495,0.3,1.4,.200,7.4,14.1,.525,.505,4.4,5.0,.886,3.3,8.4,11.7,4.6,1.6,2.3,2.7,5.5,20.1,,nurkiju01
405,Evan Turner,31,ATL,SG,19,0,251,3.6,9.6,.373,0.0,0.7,.000,3.6,8.9,.403,.373,1.7,2.0,.857,1.1,4.3,5.5,5.5,1.3,1.1,3.7,2.9,8.9,,turneev01
406,Derrick Walton,24,2TM,PG,26,1,248,2.6,5.7,.462,1.5,3.5,.417,1.2,2.2,.533,.590,1.0,1.3,.778,0.3,2.0,2.3,3.9,1.0,0.0,0.7,3.0,7.7,,waltode01
406,Derrick Walton,24,LAC,PG,23,1,222,2.8,5.8,.472,1.5,3.4,.429,1.3,2.4,.533,.597,1.1,1.5,.778,0.3,2.1,2.4,3.6,0.6,0.0,0.6,3.1,8.1,,waltode01
406,Derrick Walton,24,DET,PG,3,0,26,1.4,4.2,.333,1.4,4.2,.333,0.0,0.0,,.500,0.0,0.0,,0.0,1.4,1.4,6.9,4.2,0.0,1.4,2.8,4.2,,waltode01
407,Bruno Caboclo,24,2TM,C,30,0,244,5.6,13.1,.427,0.9,4.9,.182,4.7,8.3,.571,.461,1.2,1.3,.889,3.4,5.5,8.9,1.8,2.2,2.5,1.9,4.6,13.3,,cabocbr01
407,Bruno Caboclo,24,MEM,C,22,0,192,5.2,12.9,.406,0.7,4.7,.160,4.5,8.3,.545,.435,0.4,0.6,.667,3.2,5.1,8.2,1.9,1.9,2.3,1.3,4.3,11.6,,cabocbr01
407,Bruno Caboclo,24,HOU,C,8,0,52,6.9,13.8,.500,1.4,5.5,.250,5.5,8.3,.667,.550,4.2,4.2,1.000,4.2,6.9,11.1,1.4,3.5,3.5,4.2,5.5,19.4,,cabocbr01
408,Iman Shumpert,29,BRK,SF,13,0,241,3.1,9.6,.328,1.2,4.9,.242,1.9,4.6,.419,.391,0.6,1.0,.571,1.3,3.7,5.1,1.8,1.8,0.3,1.5,3.1,8.1,,shumpim01
409,Wenyen Gabriel,22,2TM,PF,30,1,235,3.2,7.4,.438,0.9,3.1,.300,2.3,4.3,.536,.500,2.3,3.4,.682,3.2,4.7,8.0,1.2,1.7,1.1,2.5,6.0,9.7,,gabriwe01
409,Wenyen Gabriel,22,SAC,PF,11,0,61,3.5,10.0,.353,0.6,4.7,.125,3.0,5.3,.556,.382,3.5,5.9,.600,2.4,3.5,5.9,1.8,1.8,1.2,3.0,4.1,11.2,,gabriwe01
409,Wenyen Gabriel,22,POR,PF,19,1,174,3.1,6.4,.484,1.0,2.5,.417,2.1,3.9,.526,.565,1.9,2.5,.750,3.5,5.2,8.7,1.0,1.7,1.0,2.3,6.6,9.1,,gabriwe01
410,Justin James,23,SAC,SF,36,0,232,5.4,13.0,.417,1.4,4.5,.310,4.0,8.5,.473,.470,1.6,3.3,.476,0.9,4.0,5.0,2.8,0.9,1.4,1.2,2.6,13.8,,jamesju01
411,Norvel Pelle,26,PHI,C,24,0,232,3.9,7.4,.521,0.0,0.2,.000,3.9,7.3,.532,.521,1.1,2.2,.500,3.1,8.1,11.2,1.2,0.5,4.8,2.8,8.5,8.8,,pelleno01
412,Garrison Mathews,23,WAS,SG,18,0,227,3.8,8.9,.429,3.0,7.3,.413,0.8,1.6,.500,.598,4.9,5.4,.912,1.0,2.9,3.8,1.6,1.3,0.2,1.3,5.1,15.5,,mathega01
413,T.J. Leaf,22,IND,PF,28,1,222,5.8,13.9,.419,0.8,2.9,.278,5.0,11.0,.456,.448,1.1,2.6,.438,3.7,7.8,11.5,1.5,1.6,0.6,1.3,3.6,13.6,,leaftj01
414,Ante Žižić,23,CLE,C,22,0,221,6.7,11.7,.569,0.0,0.0,,6.7,11.7,.569,.569,2.3,3.1,.737,2.9,7.8,10.8,1.0,1.1,0.8,1.6,4.4,15.6,,zizican01
415,Tyson Chandler,37,HOU,C,26,5,219,2.3,3.0,.778,0.0,0.0,,2.3,3.0,.778,.778,1.0,2.1,.462,4.1,6.7,10.8,1.0,1.0,1.3,1.3,5.3,5.6,,chandty01
416,Dion Waiters,28,2TM,SG,10,0,207,7.1,17.2,.414,2.6,8.2,.319,4.5,9.0,.500,.490,2.4,3.0,.824,0.3,3.8,4.2,3.5,0.7,1.0,2.8,3.7,19.3,,waitedi01
416,Dion Waiters,28,MIA,SG,3,0,42,8.6,22.3,.385,6.9,14.6,.471,1.7,7.7,.222,.538,0.0,0.9,.000,0.0,9.4,9.4,2.6,0.0,1.7,2.6,4.3,24.0,,waitedi01
416,Dion Waiters,28,LAL,SG,7,0,165,6.8,15.9,.425,1.5,6.5,.233,5.2,9.4,.558,.473,3.1,3.5,.875,0.4,2.4,2.8,3.7,0.9,0.9,2.8,3.5,18.1,,waitedi01
417,Mychal Mulder,25,GSW,SF,7,3,204,4.6,11.8,.388,2.8,9.2,.308,1.8,2.6,.667,.507,1.6,2.1,.750,0.5,3.5,4.1,1.4,0.4,0.2,0.9,3.5,13.6,,muldemy01
418,Nic Claxton,20,BRK,C,15,0,187,5.2,9.2,.563,0.2,1.3,.143,5.0,7.9,.634,.573,2.1,4.0,.524,3.7,4.8,8.5,3.1,0.2,1.5,1.7,2.7,12.7,,claxtni01
419,Cameron Payne,25,PHO,SG,8,0,183,6.5,13.4,.485,3.0,5.7,.517,3.5,7.7,.462,.596,1.2,1.4,.857,0.8,5.3,6.1,4.7,1.6,0.4,2.2,3.9,17.1,,payneca01
420,John Konchar,23,MEM,SG,19,0,181,4.8,7.4,.649,1.0,2.0,.500,3.8,5.4,.704,.716,0.2,0.4,.500,3.6,5.8,9.3,4.4,1.4,0.6,1.4,1.4,10.7,,konchjo01
421,Ryan Broekhoff,29,DAL,SF,17,1,180,4.4,11.8,.373,4.0,10.2,.392,0.4,1.6,.250,.542,1.4,1.6,.875,1.0,7.6,8.6,2.2,1.0,0.8,1.2,3.0,14.2,,broekry01
422,Johnathan Williams,24,WAS,PF,15,6,180,3.8,6.8,.559,0.0,0.4,.000,3.8,6.4,.594,.559,1.4,2.6,.538,4.8,8.0,12.8,1.6,0.2,1.6,1.0,3.2,9.0,,willijo04
423,Malcolm Miller,26,TOR,SF,28,1,162,2.7,6.4,.414,1.8,4.9,.364,0.9,1.6,.571,.552,0.7,1.8,.375,0.4,3.1,3.6,2.4,1.1,0.4,0.9,4.0,7.8,,millema01
424,Rayjon Tucker,22,UTA,SG,20,0,161,4.5,9.6,.465,0.7,3.8,.176,3.8,5.8,.654,.500,4.2,5.1,.826,0.7,3.8,4.5,1.1,0.2,0.2,1.8,2.2,13.9,,tuckera01
425,C.J. Miles,32,WAS,SF,10,0,161,4.2,13.2,.322,2.5,7.8,.314,1.8,5.4,.333,.415,3.4,4.5,.750,0.9,1.8,2.7,2.7,2.2,0.9,0.9,3.1,14.3,,milescj01
426,Tyrone Wallace,25,ATL,SG,14,0,160,3.2,9.9,.318,0.2,3.4,.067,2.9,6.5,.448,.330,2.5,3.8,.647,0.7,4.3,5.0,2.9,1.6,0.2,2.3,4.3,9.0,,wallaty01
427,Amir Coffey,22,LAC,SG,18,1,159,5.2,12.2,.426,1.4,4.3,.316,3.8,7.9,.486,.481,1.4,2.5,.545,0.9,2.7,3.6,3.2,1.1,0.5,1.8,4.5,13.1,,coffeam01
428,Jaylen Nowell,20,MIN,SG,15,0,151,4.5,12.6,.358,0.7,6.2,.115,3.8,6.4,.593,.387,3.8,4.1,.941,0.7,2.4,3.1,4.5,0.7,0.2,0.7,2.6,13.6,,nowelja01
429,Stanley Johnson,23,TOR,PF,25,0,150,5.3,14.2,.373,1.7,5.8,.292,3.6,8.4,.429,.432,2.2,3.8,.563,1.7,7.2,8.9,4.8,1.4,1.0,3.6,3.8,14.4,,johnsst04
430,Michael Frazier,25,HOU,SG,13,0,145,1.7,7.2,.241,1.0,5.7,.174,0.7,1.5,.500,.310,2.2,3.5,.643,0.2,2.2,2.5,0.5,0.5,0.0,1.2,5.5,6.7,,frazimi01
431,DaQuan Jeffries,22,SAC,SG,13,0,141,5.1,10.2,.500,1.3,4.6,.278,3.8,5.6,.682,.563,1.3,1.5,.833,0.8,3.8,4.6,1.8,1.0,0.3,0.5,4.9,12.8,,jeffrda01
432,Alen Smailagić,19,GSW,C,14,0,139,5.2,10.4,.500,0.8,3.4,.231,4.4,7.0,.630,.538,4.1,4.9,.842,2.6,4.4,7.0,3.4,0.8,1.0,2.8,3.6,15.3,,smailal01
433,Stephen Curry,31,GSW,PG,5,5,139,8.5,21.2,.402,3.1,12.7,.245,5.4,8.5,.636,.476,6.7,6.7,1.000,1.0,5.7,6.7,8.5,1.3,0.5,4.1,2.8,26.9,,curryst01
434,Oshae Brissett,21,TOR,SF,19,0,135,3.5,9.6,.361,0.8,4.0,.200,2.7,5.6,.476,.403,2.1,2.7,.800,2.4,4.5,6.9,1.9,1.1,0.3,1.9,4.8,9.9,,brissos01
435,Juwan Morgan,22,UTA,PF,21,0,134,4.0,7.0,.577,0.8,2.1,.375,3.2,4.8,.667,.635,0.8,1.1,.750,2.7,5.1,7.8,1.6,0.3,0.5,1.6,5.1,9.7,,morgaju01
436,Donta Hall,22,2TM,PF,9,0,133,4.1,6.0,.682,0.0,0.0,,4.1,6.0,.682,.682,2.4,4.9,.500,3.8,6.5,10.3,1.1,0.8,1.6,1.4,6.2,10.6,,halldo01
436,Donta Hall,22,DET,PF,4,0,48,0.7,3.0,.250,0.0,0.0,,0.7,3.0,.250,.250,3.0,4.5,.667,4.5,6.8,11.3,1.5,0.7,0.7,1.5,6.8,4.5,,halldo01
436,Donta Hall,22,BRK,C,5,0,85,5.9,7.6,.778,0.0,0.0,,5.9,7.6,.778,.778,2.1,5.1,.417,3.4,6.4,9.7,0.8,0.8,2.1,1.3,5.9,14.0,,halldo01
437,Vincent Poirier,26,BOS,C,22,0,130,4.7,10.0,.472,0.3,0.6,.500,4.4,9.4,.471,.486,1.7,1.9,.857,3.6,8.3,11.9,2.2,0.6,2.5,2.2,6.9,11.4,,poirivi01
438,Thanasis Antetokounmpo,27,MIL,SF,20,2,129,6.7,13.4,.500,0.0,2.8,.000,6.7,10.6,.632,.500,2.0,4.7,.412,3.3,3.3,6.7,4.2,2.0,0.6,3.3,5.0,15.3,,antetth01
439,Melvin Frazier,23,ORL,SG,19,0,126,4.3,9.7,.441,2.3,4.6,.500,2.0,5.1,.389,.559,0.6,1.1,.500,0.6,2.3,2.9,0.9,2.6,0.6,1.4,3.1,11.4,,frazime01
440,Tremont Waters,22,BOS,PG,11,1,119,4.2,14.8,.286,1.2,7.3,.167,3.0,7.6,.400,.327,2.4,2.4,1.000,0.0,3.6,3.6,4.8,3.0,0.6,4.5,3.9,12.1,,watertr01
441,Alize Johnson,23,IND,PF,17,1,118,3.7,8.8,.414,0.9,2.4,.375,2.7,6.4,.429,.466,2.1,3.1,.700,4.9,9.8,14.6,2.1,0.9,0.6,2.1,3.7,10.4,,johnsal02
442,Frank Mason III,25,MIL,PG,9,0,118,7.0,15.6,.451,1.8,6.4,.286,5.2,9.2,.567,.510,3.1,5.2,.588,1.5,4.3,5.8,8.8,1.5,0.3,3.4,3.4,18.9,,masonfr01
443,Kadeem Allen,27,NYK,PG,10,0,117,5.8,13.5,.432,1.5,4.9,.313,4.3,8.6,.500,.489,2.2,3.4,.636,0.6,2.2,2.8,6.5,1.5,0.6,2.5,2.2,15.4,,allenka01
444,Adam Mokoka,21,CHI,SF,11,0,112,3.9,9.0,.429,1.9,4.8,.400,1.9,4.2,.462,.536,0.6,1.3,.500,2.3,1.0,3.2,1.3,1.3,0.0,0.6,5.5,10.3,,mokokad01
445,Miye Oni,22,UTA,SF,10,1,109,4.0,10.6,.375,2.3,6.3,.368,1.7,4.3,.385,.484,1.3,1.7,.800,1.7,4.0,5.6,1.3,1.3,0.7,1.3,3.0,11.6,,onimi01
446,Justin Anderson,26,BRK,SG,10,1,107,3.4,12.8,.263,2.0,9.8,.207,1.3,3.0,.444,.342,0.7,1.3,.500,0.3,6.7,7.1,2.7,0.0,2.0,1.3,4.4,9.4,,anderju01
447,Chimezie Metu,22,SAS,C,18,0,105,8.2,14.4,.571,0.0,0.7,.000,8.2,13.7,.600,.571,3.4,4.5,.769,4.1,7.2,11.3,3.4,1.0,2.1,3.4,2.4,19.9,,metuch01
448,Yuta Watanabe,25,MEM,SF,18,0,105,5.1,11.7,.441,1.0,2.7,.375,4.1,8.9,.462,.485,1.0,2.7,.375,2.4,4.5,6.9,1.7,1.7,0.3,0.7,3.1,12.3,,watanyu01
449,Jaylen Hoard,20,POR,PF,13,0,103,5.2,11.2,.469,0.0,1.0,.000,5.2,10.1,.517,.469,2.8,4.5,.615,4.9,6.3,11.2,1.4,1.7,0.0,1.4,4.2,13.3,,hoardja01
450,Jeremiah Martin,23,BRK,PG,9,0,99,8.7,19.3,.453,1.8,6.5,.278,6.9,12.7,.543,.500,4.0,5.1,.786,0.4,3.3,3.6,6.5,2.5,0.7,1.5,2.5,23.3,,martije02
451,Lance Thomas,31,BRK,PF,7,4,98,2.9,8.4,.348,1.5,4.8,.308,1.5,3.7,.400,.435,1.5,1.5,1.000,0.7,4.0,4.8,2.2,0.0,0.0,2.2,4.0,8.8,,thomala01
452,Jarrell Brantley,23,UTA,PF,9,0,96,3.7,10.5,.357,1.1,4.9,.231,2.6,5.6,.467,.411,0.4,0.7,.500,0.7,6.8,7.5,4.1,1.1,1.9,2.6,2.6,9.0,,brantja01
453,Bol Bol,20,DEN,PF,7,0,87,5.8,11.6,.500,1.7,3.7,.444,4.1,7.9,.526,.571,3.3,4.1,.800,2.1,5.8,7.9,2.5,0.8,2.5,4.1,4.6,16.6,,bolbo01
454,Andre Roberson,28,OKC,SF,7,0,87,3.3,12.0,.276,1.2,5.8,.214,2.1,6.2,.333,.328,0.4,0.8,.500,2.9,8.3,11.2,1.7,0.4,1.2,0.8,5.4,8.3,,roberan03
455,Paul Watson,25,2TM,SF,10,0,87,4.1,10.8,.385,1.7,5.0,.333,2.5,5.8,.429,.462,2.9,3.7,.778,0.8,6.2,7.0,3.3,1.7,0.4,1.2,2.1,12.8,,watsopa01
455,Paul Watson,25,ATL,SF,2,0,17,0.0,14.8,.000,0.0,6.4,.000,0.0,8.5,.000,.000,0.0,0.0,,0.0,4.2,4.2,6.4,2.1,0.0,0.0,2.1,0.0,,watsopa01
455,Paul Watson,25,TOR,SF,8,0,70,5.1,9.8,.526,2.1,4.6,.444,3.1,5.1,.600,.632,3.6,4.6,.778,1.0,6.7,7.7,2.6,1.5,0.5,1.5,2.1,15.9,,watsopa01
456,B.J. Johnson,24,ORL,SF,10,0,83,3.9,13.9,.281,1.3,3.9,.333,2.6,10.0,.261,.328,3.9,4.3,.900,1.3,5.2,6.5,1.3,1.3,0.0,2.6,1.3,13.0,,johnsbj01
457,Gabe Vincent,23,MIA,PG,9,0,83,3.5,16.0,.216,2.6,11.7,.222,0.9,4.3,.200,.297,0.0,0.0,,0.0,2.2,2.2,2.6,2.2,0.0,0.4,2.6,9.5,,vincega01
458,Devon Hall,24,OKC,PG,11,0,81,2.7,13.3,.200,1.8,7.6,.235,0.9,5.8,.154,.267,1.8,3.6,.500,0.9,2.2,3.1,5.8,1.8,0.4,2.2,2.7,8.9,,hallde01
459,Talen Horton-Tucker,19,LAL,SG,6,1,81,6.2,13.3,.467,1.8,5.8,.308,4.4,7.6,.588,.533,0.9,1.8,.500,0.9,2.2,3.1,2.7,3.6,0.4,2.7,4.4,15.1,,hortota01
460,Jerian Grant,27,WAS,SG,6,0,80,4.5,12.2,.370,0.9,3.6,.250,3.6,8.6,.421,.407,2.3,3.2,.714,0.9,1.8,2.7,4.1,0.5,0.5,1.4,5.0,12.2,,grantje02
461,J.R. Smith,34,LAL,SG,6,0,79,3.2,10.0,.318,0.5,5.0,.091,2.7,5.0,.545,.341,0.9,0.9,1.000,0.0,2.3,2.3,1.4,0.5,0.0,1.8,2.3,7.7,,smithjr01
462,Quinndary Weatherspoon,23,SAS,SG,11,0,78,2.3,7.8,.294,0.5,2.3,.200,1.8,5.5,.333,.324,0.5,0.9,.500,0.5,2.8,3.2,5.1,1.4,0.5,2.3,3.7,5.5,,weathqu01
463,Amile Jefferson,26,ORL,PF,18,0,74,2.4,6.8,.357,0.0,0.0,,2.4,6.8,.357,.357,2.4,6.8,.357,4.9,6.3,11.2,1.9,0.5,1.5,1.5,3.4,7.3,,jeffeam01
464,Dean Wade,23,CLE,PF,12,0,71,4.6,6.6,.692,1.0,2.0,.500,3.5,4.6,.778,.769,0.0,0.5,.000,1.5,8.1,9.6,1.0,1.0,2.0,1.5,4.1,10.1,,wadede01
465,Mfiondu Kabengele,22,LAC,C,12,0,64,7.9,18.0,.438,5.1,11.3,.450,2.8,6.8,.417,.578,2.8,2.8,1.000,0.6,5.6,6.2,1.1,1.1,1.1,1.1,5.1,23.6,,kabenmf01
466,Louis King,20,DET,SF,10,0,62,4.6,12.2,.381,2.3,6.4,.364,2.3,5.8,.400,.476,0.0,1.7,.000,0.6,5.2,5.8,2.9,1.2,0.0,1.2,5.8,11.6,,kinglo02
467,Vic Law,24,ORL,PF,8,0,62,3.5,10.5,.333,0.6,4.1,.143,2.9,6.4,.455,.361,1.2,3.5,.333,1.2,5.2,6.4,1.7,1.2,0.0,1.2,3.5,8.7,,lawvi01
468,Khyri Thomas,23,DET,SG,8,0,61,3.0,10.0,.294,3.0,8.3,.357,0.0,1.8,.000,.441,1.2,2.4,.500,0.6,0.0,0.6,1.8,1.8,0.0,1.8,5.3,10.0,,thomakh01
469,Chandler Parsons,31,ATL,PF,5,0,54,3.3,12.0,.278,2.7,9.3,.286,0.7,2.7,.250,.389,0.0,0.0,,0.7,4.0,4.7,2.0,2.7,0.7,2.0,2.0,9.3,,parsoch01
470,Tyler Cook,22,2TM,PF,13,0,54,5.3,8.0,.667,0.0,0.0,,5.3,8.0,.667,.667,4.7,5.3,.875,4.0,5.3,9.3,0.7,2.0,0.0,2.0,3.3,15.3,,cookty01
470,Tyler Cook,22,CLE,PF,11,0,35,7.2,10.3,.700,0.0,0.0,,7.2,10.3,.700,.700,5.1,6.2,.833,4.1,6.2,10.3,1.0,1.0,0.0,1.0,4.1,19.5,,cookty01
470,Tyler Cook,22,DEN,SF,2,0,19,1.9,3.8,.500,0.0,0.0,,1.9,3.8,.500,.500,3.8,3.8,1.000,3.8,3.8,7.6,0.0,3.8,0.0,3.8,1.9,7.6,,cookty01
471,Jordan Bone,22,DET,PG,10,0,53,3.4,13.6,.250,1.4,6.8,.200,2.0,6.8,.300,.300,0.0,0.0,,0.0,2.7,2.7,5.4,0.7,0.0,1.4,4.1,8.2,,bonejo01
472,Ignas Brazdeikis,21,NYK,SF,9,0,53,4.1,14.9,.273,0.7,6.1,.111,3.4,8.8,.385,.295,2.7,3.4,.800,1.4,2.0,3.4,2.7,0.0,0.7,1.4,2.0,11.5,,brazdig01
473,Jarrod Uthoff,26,2TM,PF,7,0,53,4.8,12.2,.389,2.0,6.1,.333,2.7,6.1,.444,.472,1.4,1.4,1.000,1.4,2.7,4.1,0.0,0.7,0.0,0.0,1.4,12.9,,uthofja01
473,Jarrod Uthoff,26,MEM,PF,4,0,14,2.6,18.0,.143,0.0,10.3,.000,2.6,7.7,.333,.143,5.1,5.1,1.000,2.6,0.0,2.6,0.0,2.6,0.0,0.0,2.6,10.3,,uthofja01
473,Jarrod Uthoff,26,WAS,PF,3,0,39,5.5,10.2,.545,2.8,4.6,.600,2.8,5.5,.500,.682,0.0,0.0,,0.9,3.7,4.6,0.0,0.0,0.0,0.0,0.9,13.8,,uthofja01
474,Kevin Hervey,23,OKC,PF,10,0,52,4.8,18.7,.259,2.1,13.8,.150,2.8,4.8,.571,.315,0.0,0.0,,0.7,7.6,8.3,3.5,0.7,0.7,0.0,2.8,11.8,,herveke01
475,Zylan Cheatham,24,NOP,PF,4,0,51,4.2,6.4,.667,0.0,0.7,.000,4.2,5.6,.750,.667,0.0,0.0,,2.1,4.2,6.4,2.1,0.7,0.7,2.8,7.1,8.5,,cheatzy01
476,Nigel Williams-Goss,25,UTA,PG,10,0,50,3.6,11.5,.313,1.4,5.0,.286,2.2,6.5,.333,.375,1.4,1.4,1.000,1.4,2.9,4.3,4.3,2.2,0.7,2.2,4.3,10.1,,willini01
477,Joakim Noah,34,LAC,C,5,0,50,2.9,5.8,.500,0.0,0.0,,2.9,5.8,.500,.500,4.3,5.8,.750,3.6,7.9,11.5,5.0,0.7,0.7,4.3,6.5,10.1,,noahjo01
478,Justin Robinson,22,WAS,PG,9,0,49,3.7,8.8,.417,2.2,3.7,.600,1.5,5.1,.286,.542,0.0,0.0,,0.7,2.9,3.7,5.1,0.0,0.7,2.2,1.5,9.6,,robinju01
479,Luka Šamanić,20,SAS,PF,3,1,48,3.7,12.0,.313,2.3,6.0,.375,1.5,6.0,.250,.406,2.3,3.0,.750,0.7,6.8,7.5,4.5,0.0,1.5,1.5,4.5,12.0,,samanlu01
480,Naz Mitrou-Long,26,IND,SG,5,0,47,4.6,13.0,.353,1.5,9.2,.167,3.1,3.8,.800,.412,0.0,0.0,,0.0,5.4,5.4,6.1,0.8,0.8,2.3,1.5,10.7,,mitrona01
481,Jonah Bolden,24,2TM,C,7,0,47,3.1,8.4,.364,0.0,3.1,.000,3.1,5.4,.571,.364,1.5,3.1,.500,2.3,4.6,6.9,0.0,2.3,1.5,1.5,7.7,7.7,,boldejo01
481,Jonah Bolden,24,PHI,C,4,0,14,5.1,7.7,.667,0.0,2.6,.000,5.1,5.1,1.000,.667,0.0,5.1,.000,0.0,2.6,2.6,0.0,2.6,0.0,5.1,10.3,10.3,,boldejo01
481,Jonah Bolden,24,PHO,C,3,0,33,2.2,8.7,.250,0.0,3.3,.000,2.2,5.5,.400,.250,2.2,2.2,1.000,3.3,5.5,8.7,0.0,2.2,2.2,0.0,6.5,6.5,,boldejo01
482,Antonius Cleveland,25,DAL,SG,11,0,46,3.1,11.0,.286,0.0,2.3,.000,3.1,8.6,.364,.286,2.3,3.9,.600,1.6,3.9,5.5,0.8,0.8,2.3,1.6,6.3,8.6,,clevean01
483,Jarred Vanderbilt,20,2TM,PF,11,0,46,3.9,6.3,.625,0.0,0.8,.000,3.9,5.5,.714,.625,1.6,1.6,1.000,2.3,4.7,7.0,1.6,2.3,0.8,5.5,4.7,9.4,,vandeja01
483,Jarred Vanderbilt,20,DEN,PF,9,0,41,4.4,6.1,.714,0.0,0.0,,4.4,6.1,.714,.714,0.0,0.0,,2.6,4.4,7.0,1.8,2.6,0.9,6.1,5.3,8.8,,vandeja01
483,Jarred Vanderbilt,20,MIN,PF,2,0,5,0.0,7.2,.000,0.0,7.2,.000,0.0,0.0,,.000,14.4,14.4,1.000,0.0,7.2,7.2,0.0,0.0,0.0,0.0,0.0,14.4,,vandeja01
484,Vlatko Čančar,22,DEN,PF,14,0,45,4.8,12.0,.400,0.8,4.8,.167,4.0,7.2,.556,.433,3.2,3.2,1.000,4.0,4.0,8.0,2.4,0.8,0.8,2.4,5.6,13.6,,cancavl01
485,Justin Wright-Foreman,22,UTA,PG,4,0,45,5.6,16.0,.350,1.6,8.0,.200,4.0,8.0,.500,.400,2.4,3.2,.750,0.0,4.0,4.0,5.6,1.6,0.0,2.4,4.0,15.2,,wrighju02
486,Udonis Haslem,39,MIA,C,4,1,44,3.3,9.0,.364,0.8,2.5,.333,2.5,6.5,.375,.409,2.5,3.3,.750,0.8,12.3,13.1,0.8,0.0,0.0,0.8,4.9,9.8,,hasleud01
487,Jeremy Pargo,33,GSW,PG,3,0,44,9.0,18.0,.500,2.5,5.7,.429,6.5,12.3,.533,.568,0.0,0.8,.000,0.8,1.6,2.5,6.5,0.8,0.0,3.3,6.5,20.5,,pargoje01
488,Johnathan Motley,24,LAC,PF,13,0,41,9.7,13.2,.733,0.9,0.9,1.000,8.8,12.3,.714,.767,4.4,6.1,.714,2.6,6.1,8.8,7.0,2.6,0.0,4.4,5.3,24.6,,motlejo01
489,Zach Norvell,22,2TM,SG,5,0,41,2.6,10.5,.250,2.6,7.0,.375,0.0,3.5,.000,.375,0.9,0.9,1.000,0.0,5.3,5.3,2.6,1.8,0.0,2.6,3.5,8.8,,norveza01
489,Zach Norvell,22,LAL,SG,2,0,5,0.0,7.2,.000,0.0,0.0,,0.0,7.2,.000,.000,0.0,0.0,,0.0,7.2,7.2,0.0,0.0,0.0,0.0,0.0,0.0,,norveza01
489,Zach Norvell,22,GSW,SG,3,0,36,3.0,11.0,.273,3.0,8.0,.375,0.0,3.0,.000,.409,1.0,1.0,1.000,0.0,5.0,5.0,3.0,2.0,0.0,3.0,4.0,10.0,,norveza01
490,Charlie Brown Jr.,22,ATL,SG,10,0,40,5.4,17.1,.316,2.7,8.1,.333,2.7,9.0,.300,.395,4.5,4.5,1.000,1.8,1.8,3.6,1.8,1.8,1.8,2.7,2.7,18.0,,brownch02
491,Chasson Randle,26,GSW,PG,3,0,40,0.0,3.6,.000,0.0,1.8,.000,0.0,1.8,.000,.000,4.5,5.4,.833,0.0,1.8,1.8,4.5,1.8,0.0,0.0,2.7,4.5,,randlch01
492,Josh Magette,30,ORL,PG,8,0,38,4.7,14.2,.333,0.9,3.8,.250,3.8,10.4,.364,.367,0.9,1.9,.500,0.9,4.7,5.7,4.7,2.8,0.9,4.7,3.8,11.4,,magetjo01
493,Sindarius Thornwell,25,NOP,SF,2,0,35,6.2,11.3,.545,2.1,4.1,.500,4.1,7.2,.571,.636,2.1,4.1,.500,0.0,4.1,4.1,4.1,1.0,1.0,2.1,2.1,16.5,,thornsi01
494,Moses Brown,20,POR,C,9,0,33,4.4,10.9,.400,0.0,0.0,,4.4,10.9,.400,.400,3.3,8.7,.375,3.3,12.0,15.3,1.1,1.1,1.1,3.3,7.6,12.0,,brownmo01
495,Tacko Fall,24,BOS,C,7,0,33,12.0,15.3,.786,0.0,0.0,,12.0,15.3,.786,.786,1.1,3.3,.333,1.1,15.3,16.4,1.1,1.1,4.4,3.3,7.6,25.1,,fallta01
496,Corey Brewer,33,SAC,PF,5,0,33,2.2,4.4,.500,0.0,1.1,.000,2.2,3.3,.667,.500,1.1,3.3,.333,2.2,6.5,8.7,2.2,4.4,0.0,2.2,7.6,5.5,,breweco01
497,Joe Chealey,24,CHO,PG,4,0,33,0.0,7.6,.000,0.0,4.4,.000,0.0,3.3,.000,.000,2.2,2.2,1.000,0.0,0.0,0.0,1.1,4.4,0.0,2.2,2.2,2.2,,chealjo01
498,Zhaire Smith,20,PHI,SF,7,0,32,3.4,12.4,.273,0.0,3.4,.000,3.4,9.0,.375,.273,2.3,4.5,.500,0.0,2.3,2.3,2.3,3.4,0.0,2.3,4.5,9.0,,smithzh01
499,Jalen Lecque,19,PHO,SG,5,0,32,4.5,11.3,.400,0.0,4.5,.000,4.5,6.8,.667,.400,2.3,2.3,1.000,0.0,2.3,2.3,2.3,0.0,0.0,2.3,3.4,11.3,,lecquja01
500,Brian Bowen,21,IND,SF,6,1,31,3.5,11.6,.300,0.0,2.3,.000,3.5,9.3,.375,.300,0.0,0.0,,1.2,7.0,8.1,0.0,0.0,1.2,1.2,3.5,7.0,,bowenbr02
501,Dewan Hernandez,23,TOR,C,6,0,28,6.4,18.0,.357,1.3,2.6,.500,5.1,15.4,.333,.393,3.9,6.4,.600,6.4,11.6,18.0,3.9,1.3,0.0,3.9,7.7,18.0,,hernade01
502,Josh Reaves,22,DAL,SF,4,0,28,3.9,11.6,.333,0.0,2.6,.000,3.9,9.0,.429,.333,2.6,2.6,1.000,1.3,2.6,3.9,3.9,0.0,0.0,0.0,6.4,10.3,,reavejo02
503,Marial Shayok,24,PHI,SG,4,0,28,3.9,15.4,.250,2.6,7.7,.333,1.3,7.7,.167,.333,3.9,5.1,.750,1.3,7.7,9.0,1.3,0.0,1.3,3.9,5.1,14.1,,shayoma01
504,KZ Okpala,20,MIA,PF,5,0,26,4.2,6.9,.600,0.0,1.4,.000,4.2,5.5,.750,.600,1.4,2.8,.500,1.4,5.5,6.9,1.4,2.8,1.4,1.4,2.8,9.7,,okpalkz01
505,Luc Mbah a Moute,33,HOU,PF,3,0,25,2.9,7.2,.400,0.0,2.9,.000,2.9,4.3,.667,.400,1.4,2.9,.500,1.4,1.4,2.9,0.0,2.9,0.0,1.4,0.0,7.2,,mbahalu01
506,Justin Patton,22,OKC,C,5,0,24,6.0,15.0,.400,1.5,6.0,.250,4.5,9.0,.500,.450,0.0,0.0,,1.5,6.0,7.5,3.0,0.0,0.0,3.0,6.0,13.5,,pattoju01
507,Josh Gray,26,NOP,PG,2,0,23,1.6,3.1,.500,0.0,0.0,,1.6,3.1,.500,.500,0.0,0.0,,1.6,1.6,3.1,3.1,0.0,0.0,7.8,1.6,3.1,,grayjo01
508,Kostas Antetokounmpo,22,LAL,PF,5,0,20,5.4,5.4,1.000,0.0,0.0,,5.4,5.4,1.000,1.000,1.8,3.6,.500,3.6,1.8,5.4,3.6,0.0,0.0,1.8,3.6,12.6,,antetko01
509,Matt Mooney,23,CLE,SG,4,0,19,1.9,7.6,.250,0.0,3.8,.000,1.9,3.8,.500,.250,0.0,0.0,,0.0,5.7,5.7,1.9,3.8,1.9,0.0,1.9,3.8,,moonema01
510,Eric Mika,25,SAC,C,1,0,19,3.8,5.7,.667,0.0,0.0,,3.8,5.7,.667,.667,3.8,3.8,1.000,3.8,9.5,13.3,0.0,0.0,0.0,0.0,9.5,11.4,,mikaer01
511,Henry Ellenson,23,BRK,C,5,0,15,2.4,16.8,.143,0.0,9.6,.000,2.4,7.2,.333,.143,0.0,0.0,,4.8,9.6,14.4,2.4,0.0,0.0,0.0,2.4,4.8,,ellenhe01
512,Stanton Kidd,27,UTA,SG,4,0,15,0.0,7.2,.000,0.0,2.4,.000,0.0,4.8,.000,.000,0.0,0.0,,0.0,7.2,7.2,2.4,0.0,0.0,4.8,7.2,0.0,,kiddst01
513,Tariq Owens,24,PHO,PF,3,0,15,2.4,12.0,.200,0.0,4.8,.000,2.4,7.2,.333,.200,4.8,4.8,1.000,4.8,2.4,7.2,0.0,2.4,0.0,0.0,2.4,9.6,,owensta01
514,Daryl Macon,24,MIA,PG,4,0,14,2.6,7.7,.333,2.6,5.1,.500,0.0,2.6,.000,.500,0.0,0.0,,0.0,0.0,0.0,2.6,0.0,0.0,5.1,2.6,7.7,,maconda01
515,Ryan Anderson,31,HOU,C,2,0,14,5.1,18.0,.286,2.6,12.9,.200,2.6,5.1,.500,.357,0.0,0.0,,0.0,18.0,18.0,5.1,2.6,0.0,2.6,2.6,12.9,,anderry01
516,Kyle Alexander,23,MIA,C,2,0,13,2.8,5.5,.500,0.0,0.0,,2.8,5.5,.500,.500,0.0,0.0,,5.5,2.8,8.3,0.0,0.0,0.0,2.8,2.8,5.5,,alexaky01
517,Dusty Hannahs,26,MEM,SG,2,0,13,11.1,24.9,.444,5.5,8.3,.667,5.5,16.6,.333,.556,5.5,5.5,1.000,0.0,2.8,2.8,0.0,0.0,0.0,0.0,2.8,33.2,,hannadu01
518,William Howard,26,HOU,PF,2,0,13,0.0,11.1,.000,0.0,11.1,.000,0.0,0.0,,.000,0.0,0.0,,0.0,5.5,5.5,2.8,0.0,0.0,2.8,2.8,0.0,,howarwi01
519,Shamorie Ponds,21,TOR,PG,4,0,11,9.8,16.4,.600,3.3,6.5,.500,6.5,9.8,.667,.700,6.5,6.5,1.000,0.0,3.3,3.3,6.5,0.0,3.3,0.0,6.5,29.5,,pondssh01
520,Isaiah Roby,21,OKC,PF,3,0,11,0.0,3.3,.000,0.0,0.0,,0.0,3.3,.000,.000,0.0,0.0,,0.0,6.5,6.5,0.0,0.0,0.0,3.3,3.3,0.0,,robyis01
521,Kyle Guy,22,SAC,SG,3,0,10,7.2,18.0,.400,0.0,10.8,.000,7.2,7.2,1.000,.400,0.0,0.0,,0.0,3.6,3.6,3.6,0.0,0.0,0.0,3.6,14.4,,guyky01
522,Devontae Cacok,23,LAL,C,1,0,9,12.0,24.0,.500,0.0,0.0,,12.0,24.0,.500,.500,0.0,0.0,,8.0,12.0,20.0,4.0,0.0,0.0,0.0,0.0,24.0,,cacokde01
523,Jared Harper,22,PHO,PG,3,0,8,4.5,18.0,.250,0.0,9.0,.000,4.5,9.0,.500,.250,0.0,0.0,,0.0,0.0,0.0,0.0,0.0,0.0,0.0,0.0,9.0,,harpeja01
524,Max Strus,23,CHI,SF,2,0,6,12.0,18.0,.667,0.0,6.0,.000,12.0,12.0,1.000,.667,6.0,6.0,1.000,6.0,0.0,6.0,0.0,0.0,0.0,0.0,6.0,30.0,,strusma01
525,Jamal Crawford,39,BRK,SG,1,0,6,12.0,24.0,.500,6.0,12.0,.500,6.0,12.0,.500,.625,0.0,0.0,,0.0,0.0,0.0,18.0,0.0,0.0,0.0,6.0,30.0,,crawfja01
526,Tyler Zeller,30,SAS,C,2,0,4,9.0,36.0,.250,0.0,0.0,,9.0,36.0,.250,.250,0.0,0.0,,27.0,9.0,36.0,0.0,0.0,0.0,0.0,0.0,18.0,,zellety01
527,Malik Newman,22,CLE,SG,1,0,4,0.0,18.0,.000,0.0,9.0,.000,0.0,9.0,.000,.000,18.0,18.0,1.000,0.0,0.0,0.0,0.0,0.0,0.0,9.0,0.0,18.0,,newmama01
528,Marques Bolden,21,CLE,C,1,0,3,0.0,0.0,,0.0,0.0,,0.0,0.0,,,0.0,0.0,,0.0,24.0,24.0,0.0,12.0,0.0,0.0,12.0,0.0,,boldema01
529,J.P. Macura,24,CLE,SG,1,0,1,0.0,0.0,,0.0,0.0,,0.0,0.0,,,0.0,0.0,,0.0,0.0,0.0,0.0,0.0,0.0,0.0,0.0,0.0,,macurjp01